A0A009E921	A0A009E921	1310605
A0A009F5K6	A0A009E921	1310605
A0A009E9H3	A0A009E9H3	1310605
A0A484ZLT0	A0A009E9H3	82979
A0A009ECR5	A0A009ECR5	1310605
A0A0B8QNT1	A0A009ECR5	1481914
A0A0S7XD90	A0A009ECR5	1703781
A0A0S8CWA8	A0A009ECR5	1703401
A0A0T6AEW7	A0A009ECR5	1640514
A0A1F9L557	A0A009ECR5	1797905
A0A1F9NR88	A0A009ECR5	1797913
A0A1J5EQL4	A0A009ECR5	1805129
A0A1M7Y1N4	A0A009ECR5	1121416
A0A1Q6DQM1	A0A009ECR5	1920419
A0A1V6G0B8	A0A009ECR5	1852902
A0A1Z8SKZ2	A0A009ECR5	1986839
A0A2C5YAH9	A0A009ECR5	2004952
A0A2E6ESH1	A0A009ECR5	2026788
A0A2H6GKD2	A0A009ECR5	2005722
A0A2M7C880	A0A009ECR5	1973969
