FunFam_ID	MSA_len	n_seq	DOPS	avg_scorecons	perc_scorecons_0.7	CATH_label	EC_code
1.10.10.10-FF-000009	84	48	89.435	0.54	0.27	1.10.10.10	3.4.21.88
1.10.10.10-FF-000410	118	43	64.528	0.54	0.47	1.10.10.10	2.1.1.63
1.10.10.390-FF-000001	146	100	97.261	0.53	0.32	1.10.10.390	2.3.1.48
1.10.1060.10-FF-000007	236	78	78.555	0.48	0.42	1.10.1060.10	1.3.1.2
1.10.10.670-FF-000001	150	101	55.339	0.58	0.59	1.10.10.670	1.10.3.9
1.10.1040.10-FF-000015	295	198	72.14	0.77	0.74	1.10.1040.10	1.1.1.86
1.10.10.10-FF-000106	80	497	25.158	0.83	0.81	1.10.10.10	3.4.11.18
1.10.1130.10-FF-000002	352	80	83.335	0.68	0.64	1.10.1130.10	1.7.2.2
1.10.10.10-FF-000053	129	420	80.128	0.5	0.36	1.10.10.10	2.7.11.1
1.10.135.10-FF-000003	159	134	93.318	0.43	0.33	1.10.135.10	2.7.3.3
1.10.1060.10-FF-000029	154	403	83.135	0.72	0.66	1.10.1060.10	1.3.5.1
1.10.10.10-FF-000306	124	535	96.561	0.67	0.62	1.10.10.10	3.6.4.12
1.10.10.830-FF-000001	221	430	85.721	0.26	0.2	1.10.10.830	6.1.1.5
1.10.1410.20-FF-000001	340	227	74.928	0.34	0.21	1.10.1410.20	2.7.7.84
1.10.150.110-FF-000002	158	413	58.048	0.51	0.49	1.10.150.110	2.7.7.7
1.10.10.10-FF-000022	219	612	91.566	0.24	0.16	1.10.10.10	2.3.1.48
1.10.150.900-FF-000001	205	47	76.26	0.62	0.5	1.10.150.900	3.5.1.14
1.10.135.10-FF-000001	190	556	69.421	0.42	0.4	1.10.135.10	2.7.3.2
1.10.166.10-FF-000001	86	163	46.027	0.79	0.8	1.10.166.10	2.3.1.117
1.10.150.20-FF-000010	167	272	97.383	0.26	0.13	1.10.150.20	2.7.7.7
1.10.1740.140-FF-000001	133	37	33.563	0.81	0.8	1.10.1740.140	3.6.4.13
1.10.1040.10-FF-000014	145	738	97.285	0.66	0.55	1.10.1040.10	1.1.1.169
1.10.220.70-FF-000001	148	285	90.848	0.66	0.55	1.10.220.70	4.3.1.7
1.10.238.10-FF-000144	93	206	55.193	0.75	0.74	1.10.238.10	3.1.4.11
1.10.10.10-FF-000270	299	728	83.066	0.2	0.11	1.10.10.10	2.3.2.27
1.10.238.10-FF-000048	193	744	86.186	0.36	0.35	1.10.238.10	3.1.4.11
1.10.238.210-FF-000001	123	775	74.84	0.57	0.54	1.10.238.210	3.5.1.2
1.10.240.10-FF-000005	317	693	70.288	0.15	0.05	1.10.240.10	6.1.1.2
1.10.1740.10-FF-000004	366	734	87.246	0.28	0.11	1.10.1740.10	1.1.1.267
1.10.240.10-FF-000007	261	728	81.315	0.23	0.14	1.10.240.10	6.1.1.2
1.10.275.10-FF-000002	226	555	83.485	0.29	0.19	1.10.275.10	4.3.2.1
1.10.275.10-FF-000006	121	918	92.907	0.53	0.36	1.10.275.10	4.3.2.2
1.10.287.990-FF-000002	194	71	75.992	0.24	0.14	1.10.287.990	1.15.1.1
1.10.238.10-FF-000022	169	1590	87.442	0.45	0.45	1.10.238.10	2.3.2.27
1.10.1040.10-FF-000007	294	1189	81.439	0.81	0.75	1.10.1040.10	1.1.1.86
1.10.3130.10-FF-000004	155	70	57.719	0.82	0.77	1.10.3130.10	2.3.1.30
1.10.3210.10-FF-000009	358	154	83.881	0.44	0.34	1.10.3210.10	3.1.5.1
1.10.3210.10-FF-000014	287	50	78.047	0.64	0.54	1.10.3210.10	3.1.5.1
1.10.3210.10-FF-000020	215	48	37.715	0.86	0.86	1.10.3210.10	3.1.5.1
1.10.3260.10-FF-000002	230	814	96.58	0.71	0.64	1.10.3260.10	6.5.1.1
1.10.300.10-FF-000002	329	980	81.51	0.2	0.13	1.10.300.10	6.3.4.4
1.10.3260.10-FF-000003	243	455	79.985	0.74	0.71	1.10.3260.10	6.5.1.1
1.10.3270.10-FF-000001	121	304	97.419	0.47	0.3	1.10.3270.10	1.1.1.34
1.10.3330.10-FF-000001	186	79	96.661	0.64	0.46	1.10.3330.10	4.1.1.97
1.10.3330.10-FF-000002	168	87	89.354	0.74	0.63	1.10.3330.10	3.5.2.17
1.10.3290.10-FF-000001	266	603	81.207	0.75	0.73	1.10.3290.10	2.7.7.108
1.10.275.10-FF-000003	225	1684	80.978	0.38	0.29	1.10.275.10	4.3.2.2
1.10.390.10-FF-000002	261	93	77.28	0.54	0.47	1.10.390.10	3.4.11.2
1.10.390.20-FF-000001	212	445	77.154	0.53	0.48	1.10.390.20	3.4.24.3
1.10.340.30-FF-000006	656	702	83.392	0.15	0.11	1.10.340.30	4.2.99.18
1.10.132.60-FF-000008	195	2190	94.135	0.56	0.44	1.10.132.60	2.7.7.7
1.10.418.10-FF-000026	113	44	53.408	0.83	0.79	1.10.418.10	1.14.13.225
1.10.40.30-FF-000003	87	1063	87.59	0.58	0.59	1.10.40.30	4.3.1.1
1.10.441.10-FF-000002	231	192	64.427	0.43	0.35	1.10.441.10	5.3.1.8
1.10.472.10-FF-000008	111	357	66.631	0.87	0.89	1.10.472.10	2.3.1.48
1.10.472.90-FF-000001	134	115	43.625	0.78	0.76	1.10.472.90	6.4.1.1
1.10.340.30-FF-000010	338	825	80.321	0.39	0.25	1.10.340.30	3.2.2.31
1.10.510.10-FF-000007	206	229	70.602	0.8	0.75	1.10.510.10	2.7.10.1
1.10.510.10-FF-000010	254	148	70.957	0.66	0.67	1.10.510.10	2.7.11.1
1.10.510.10-FF-000009	276	626	76.985	0.72	0.73	1.10.510.10	2.7.11.24
1.10.287.990-FF-000001	242	2487	72.863	0.19	0.13	1.10.287.990	1.15.1.1
1.10.510.10-FF-000039	199	263	53.078	0.8	0.77	1.10.510.10	2.7.10.2
1.10.510.10-FF-000050	238	132	66.608	0.74	0.67	1.10.510.10	2.7.10.1
1.10.510.10-FF-000053	245	192	81.986	0.61	0.52	1.10.510.10	2.7.10.1
1.10.510.10-FF-000069	197	88	71.505	0.85	0.82	1.10.510.10	2.7.11.1
1.10.40.30-FF-000004	126	2660	93.436	0.44	0.35	1.10.40.30	4.3.2.2
1.10.510.10-FF-000087	251	595	69.974	0.77	0.77	1.10.510.10	2.7.11.25
1.10.510.10-FF-000089	229	137	70.906	0.64	0.53	1.10.510.10	2.7.10.1
1.10.510.10-FF-000073	241	1380	77.227	0.7	0.67	1.10.510.10	2.7.11.1
1.10.510.10-FF-000110	279	188	73.166	0.49	0.38	1.10.510.10	2.7.10.2
1.10.510.10-FF-000092	319	1009	70.651	0.53	0.5	1.10.510.10	2.7.11.1
1.10.510.10-FF-000113	212	226	79.227	0.77	0.73	1.10.510.10	2.7.10.1
1.10.510.10-FF-000114	218	447	88.974	0.67	0.5	1.10.510.10	2.7.10.2
1.10.441.10-FF-000001	553	1693	79.695	0.14	0.04	1.10.441.10	5.3.1.8
1.10.510.10-FF-000038	408	1949	85.665	0.41	0.39	1.10.510.10	2.7.11.13
1.10.510.10-FF-000128	252	887	75.967	0.65	0.62	1.10.510.10	2.7.11.1
1.10.510.10-FF-000136	241	240	69.767	0.78	0.71	1.10.510.10	2.7.11.24
1.10.510.10-FF-000143	273	537	77.991	0.62	0.62	1.10.510.10	2.7.11.25
1.10.150.20-FF-000002	545	2540	71.073	0.16	0.08	1.10.150.20	2.7.7.7
1.10.150.20-FF-000007	542	2541	77.987	0.12	0.05	1.10.150.20	6.5.1.2
1.10.510.10-FF-000126	303	1381	70.408	0.53	0.48	1.10.510.10	2.7.11.13
1.10.510.10-FF-000180	256	730	83.029	0.8	0.79	1.10.510.10	2.7.11.30
1.10.510.10-FF-000206	245	483	81.968	0.73	0.72	1.10.510.10	2.7.11.24
1.10.510.10-FF-000215	270	355	72.141	0.55	0.47	1.10.510.10	2.7.11.1
1.10.510.10-FF-000137	260	1300	84.157	0.56	0.52	1.10.510.10	2.7.11.1
1.10.510.10-FF-000217	326	172	71.065	0.45	0.38	1.10.510.10	2.7.10.2
1.10.510.10-FF-000232	225	99	82.576	0.44	0.33	1.10.510.10	2.7.11.1
1.10.510.10-FF-000238	307	344	90.741	0.51	0.38	1.10.510.10	2.7.11.24
1.10.510.10-FF-000209	256	857	80.806	0.6	0.57	1.10.510.10	2.7.11.1
1.10.510.10-FF-000216	281	639	64.299	0.55	0.51	1.10.510.10	2.7.10.2
1.10.510.10-FF-000269	218	181	32.42	0.82	0.82	1.10.510.10	2.7.11.1
1.10.510.10-FF-000278	320	36	49.532	0.52	0.53	1.10.510.10	2.7.11.1
1.10.510.10-FF-000245	338	642	79.357	0.46	0.44	1.10.510.10	2.7.11.1
1.10.510.10-FF-000327	199	80	53.818	0.82	0.82	1.10.510.10	2.7.11.25
1.10.510.10-FF-000383	209	113	56.425	0.86	0.84	1.10.510.10	2.7.11.25
1.10.510.10-FF-000163	396	1253	75.539	0.37	0.33	1.10.510.10	2.7.11.1
1.10.510.10-FF-000311	245	805	88.845	0.59	0.53	1.10.510.10	2.7.11.21
1.10.510.10-FF-000414	221	355	83.93	0.72	0.67	1.10.510.10	2.7.11.1
1.10.510.10-FF-000426	343	40	53.226	0.47	0.44	1.10.510.10	2.7.10.1
1.10.510.10-FF-000401	404	557	73.223	0.29	0.18	1.10.510.10	2.7.11.1
1.10.510.10-FF-000189	234	1399	85.23	0.65	0.56	1.10.510.10	2.7.11.21
1.10.510.10-FF-000624	371	50	92.357	0.19	0.13	1.10.510.10	2.7.11.24
1.10.510.10-FF-000534	248	141	91.853	0.54	0.38	1.10.510.10	2.7.11.1
1.10.510.10-FF-000727	248	73	70.081	0.59	0.5	1.10.510.10	2.7.11.21
1.10.510.10-FF-000399	332	706	72.509	0.37	0.27	1.10.510.10	2.7.10.2
1.10.510.10-FF-000464	306	373	66.979	0.55	0.51	1.10.510.10	2.7.1.183
1.10.510.10-FF-000845	207	258	93.594	0.49	0.38	1.10.510.10	2.7.11.1
1.10.520.10-FF-000028	361	295	87.724	0.27	0.17	1.10.520.10	1.11.1.7
1.10.510.10-FF-001187	185	458	80.832	0.8	0.74	1.10.510.10	2.7.10.2
1.10.530.10-FF-000012	166	119	84.04	0.66	0.57	1.10.530.10	3.2.1.14
1.10.530.10-FF-000023	142	68	89.761	0.55	0.38	1.10.530.10	3.2.1.17
1.10.530.10-FF-000005	277	422	93.631	0.45	0.36	1.10.530.10	3.2.1.14
1.10.530.10-FF-000002	181	678	83.176	0.85	0.81	1.10.530.10	4.2.2.n1
1.10.530.10-FF-000026	321	556	83.482	0.4	0.3	1.10.530.10	3.2.1.17
1.10.510.10-FF-000260	313	1120	88.297	0.59	0.55	1.10.510.10	2.7.11.30
1.10.590.10-FF-000001	318	388	90.393	0.58	0.5	1.10.590.10	5.4.99.5
1.10.590.10-FF-000002	429	625	88.185	0.41	0.29	1.10.590.10	5.4.99.5
1.10.575.10-FF-000002	469	767	85.891	0.39	0.27	1.10.575.10	3.1.30.1
1.10.620.20-FF-000001	377	461	69.285	0.69	0.63	1.10.620.20	1.17.4.1
1.10.730.10-FF-000035	191	68	58.926	0.69	0.63	1.10.730.10	6.1.1.10
1.10.730.10-FF-000051	228	188	96.633	0.36	0.16	1.10.730.10	6.1.1.4
1.10.530.10-FF-000001	189	1535	91.016	0.47	0.35	1.10.530.10	3.2.1.17
1.10.760.10-FF-000004	174	108	86.837	0.57	0.38	1.10.760.10	1.11.1.5
1.10.760.10-FF-000020	173	184	91.681	0.56	0.35	1.10.760.10	1.11.1.5
1.10.760.10-FF-000003	236	713	86.498	0.52	0.45	1.10.760.10	1.9.3.1
1.10.8.100-FF-000002	81	132	78.211	0.64	0.49	1.10.8.100	2.1.1.182
1.10.8.100-FF-000003	103	219	96.338	0.45	0.32	1.10.8.100	2.1.1.182
1.10.8.1080-FF-000001	94	55	95.78	0.55	0.33	1.10.8.1080	4.2.1.126
1.10.760.10-FF-000030	304	568	96.308	0.36	0.08	1.10.760.10	2.8.5.2
1.10.8.50-FF-000005	141	633	95.482	0.74	0.67	1.10.8.50	4.2.99.18
1.10.8.50-FF-000008	174	457	89.414	0.65	0.59	1.10.8.50	4.2.99.18
1.10.860.10-FF-000001	181	122	96.242	0.46	0.29	1.10.860.10	3.6.4.12
1.10.8.60-FF-000041	90	79	52.379	0.62	0.6	1.10.8.60	2.7.7.7
1.20.1050.10-FF-000003	166	144	91.883	0.41	0.18	1.20.1050.10	2.5.1.18
1.10.600.10-FF-000023	588	1023	86.813	0.23	0.16	1.10.600.10	2.5.1.21
1.20.1050.10-FF-000016	308	430	87.025	0.25	0.1	1.20.1050.10	2.5.1.18
1.20.1050.10-FF-000020	226	93	91.977	0.32	0.19	1.20.1050.10	2.5.1.18
1.10.510.10-FF-000011	458	2774	84.665	0.36	0.31	1.10.510.10	2.7.11.1
1.20.1050.10-FF-000023	263	350	77.024	0.35	0.24	1.20.1050.10	2.5.1.18
1.20.1050.10-FF-000005	304	1017	80.332	0.26	0.19	1.20.1050.10	2.5.1.18
1.20.1050.10-FF-000028	356	487	86.631	0.49	0.35	1.20.1050.10	5.3.99.3
1.20.120.1230-FF-000001	143	520	95.408	0.61	0.48	1.20.120.1230	2.4.1.13
1.10.579.10-FF-000002	459	1506	79.387	0.22	0.18	1.10.579.10	4.1.99.3
1.20.120.1790-FF-000001	221	131	71.822	0.69	0.65	1.20.120.1790	2.3.2.27
1.20.120.1960-FF-000001	246	46	91.803	0.36	0.14	1.20.120.1960	1.8.3.2
1.20.120.1750-FF-000002	271	202	92.742	0.57	0.45	1.20.120.1750	2.3.2.31
1.20.120.420-FF-000001	189	302	93.086	0.43	0.2	1.20.120.420	5.3.1.23
1.20.1220.12-FF-000002	148	168	40.915	0.88	0.9	1.20.1220.12	2.3.3.9
1.20.1260.10-FF-000006	242	153	85.087	0.63	0.6	1.20.1260.10	1.16.3.1
1.20.120.1150-FF-000001	404	696	82.301	0.36	0.22	1.20.120.1150	5.2.1.8
1.20.1280.70-FF-000001	134	94	92.933	0.47	0.25	1.20.1280.70	3.1.11.1
1.20.1430.10-FF-000001	163	43	79.832	0.49	0.28	1.20.1430.10	2.4.1.18
1.20.120.310-FF-000002	194	698	93.193	0.33	0.17	1.20.120.310	1.8.3.2
1.20.1260.10-FF-000010	340	436	88.556	0.67	0.57	1.20.1260.10	1.14.13.149
1.20.1540.10-FF-000003	206	270	82.863	0.76	0.7	1.20.1540.10	3.4.21.105
1.20.200.10-FF-000009	341	51	77.739	0.72	0.59	1.20.200.10	4.3.1.24
1.20.272.10-FF-000008	133	54	87.269	0.75	0.72	1.20.272.10	2.7.7.7
1.20.272.10-FF-000012	136	270	79.499	0.76	0.69	1.20.272.10	2.7.7.7
1.20.58.1470-FF-000001	206	673	95.402	0.49	0.35	1.20.58.1470	1.14.11.53
1.20.58.220-FF-000002	243	119	94.017	0.64	0.5	1.20.58.220	3.5.2.6
1.20.58.1080-FF-000001	197	779	98.158	0.55	0.46	1.20.58.1080	3.6.4.13
1.20.80.10-FF-000004	219	305	81.272	0.38	0.28	1.20.80.10	2.7.10.2
1.20.82.10-FF-000001	277	156	57.979	0.32	0.21	1.20.82.10	3.2.2.6
1.20.58.480-FF-000002	363	329	92.306	0.53	0.44	1.20.58.480	1.13.11.11
1.10.510.10-FF-000112	474	2464	83.213	0.37	0.31	1.10.510.10	2.7.12.1
1.20.910.10-FF-000019	223	231	44.211	0.94	0.95	1.20.910.10	3.5.99.2
1.20.920.10-FF-000001	186	192	67.54	0.58	0.58	1.20.920.10	2.3.1.48
1.20.920.10-FF-000046	121	69	78.298	0.71	0.6	1.20.920.10	2.3.1.48
1.20.90.10-FF-000007	168	421	91.204	0.46	0.3	1.20.90.10	3.1.1.4
1.20.1050.10-FF-000004	388	1348	83.786	0.19	0.11	1.20.1050.10	2.5.1.18
1.20.990.10-FF-000003	209	337	81.793	0.52	0.48	1.20.990.10	1.6.2.4
1.20.1440.180-FF-000001	226	1488	89.678	0.43	0.39	1.20.1440.180	2.7.11.1
1.20.930.20-FF-000001	157	1162	94.758	0.68	0.63	1.20.930.20	2.3.2.27
1.20.990.10-FF-000009	456	687	89.472	0.2	0.14	1.20.990.10	1.6.2.4
1.25.40.10-FF-000055	175	237	64.083	0.67	0.65	1.25.40.10	3.1.3.16
1.25.40.10-FF-000013	253	301	89.03	0.48	0.38	1.25.40.10	2.4.1.255
1.25.40.10-FF-000544	138	43	28.816	0.81	0.71	1.25.40.10	1.14.11.2
1.25.40.10-FF-000708	167	105	81.601	0.75	0.67	1.25.40.10	5.2.1.8
1.25.40.20-FF-000019	108	51	74.645	0.76	0.71	1.25.40.20	3.5.1.2
1.25.40.10-FF-000292	144	267	90.974	0.81	0.79	1.25.40.10	3.1.3.16
1.25.50.10-FF-000001	327	110	62.399	0.81	0.79	1.25.50.10	3.4.11.2
1.50.10.10-FF-000021	422	68	84.956	0.43	0.29	1.50.10.10	5.1.3.8
1.50.10.20-FF-000004	334	66	65.436	0.81	0.8	1.50.10.20	2.5.1.60
2.10.109.10-FF-000002	238	125	89.846	0.43	0.29	2.10.109.10	3.4.21.89
2.10.109.10-FF-000004	187	347	88.45	0.61	0.44	2.10.109.10	3.4.21.89
1.20.90.10-FF-000001	222	1170	87.603	0.32	0.18	1.20.90.10	3.1.1.4
2.10.110.20-FF-000001	225	372	95.242	0.37	0.21	2.10.110.20	1.14.11.68
2.10.150.10-FF-000002	291	268	68.787	0.32	0.24	2.10.150.10	3.5.1.5
2.102.10.10-FF-000004	170	104	59.53	0.55	0.4	2.102.10.10	1.14.12.19
2.110.10.10-FF-000001	203	99	63.413	0.85	0.89	2.110.10.10	3.4.24.80
2.130.10.10-FF-000043	327	35	74.379	0.71	0.62	2.130.10.10	2.3.2.27
2.160.10.10-FF-000003	245	83	77.851	0.61	0.48	2.160.10.10	2.3.1.129
1.25.40.80-FF-000005	312	603	67.253	0.3	0.22	1.25.40.80	4.1.99.3
2.10.150.10-FF-000001	280	467	79.242	0.24	0.17	2.10.150.10	3.5.1.5
2.160.10.10-FF-000004	240	442	54.058	0.68	0.69	2.160.10.10	2.3.1.117
2.160.10.10-FF-000015	218	180	84.178	0.38	0.31	2.160.10.10	2.3.1.30
2.160.10.10-FF-000010	174	431	83.616	0.6	0.57	2.160.10.10	2.7.7.27
2.160.20.10-FF-000014	372	326	94.425	0.47	0.27	2.160.20.10	3.1.1.11
2.160.20.10-FF-000001	475	554	86.284	0.4	0.28	2.160.20.10	3.1.1.11
2.170.190.11-FF-000003	92	171	61.76	0.87	0.89	2.170.190.11	2.10.1.1
2.170.220.10-FF-000002	253	144	95.345	0.32	0.16	2.170.220.10	6.1.1.10
2.170.230.10-FF-000001	235	80	38.302	0.71	0.45	2.170.230.10	3.4.21.89
2.170.260.10-FF-000001	142	442	56.373	0.8	0.83	2.170.260.10	3.1.26.n2
2.170.270.10-FF-000021	170	121	72.511	0.77	0.75	2.170.270.10	2.1.1.361
2.170.8.10-FF-000001	322	603	65.198	0.14	0.11	2.170.8.10	4.1.1.49
2.20.25.160-FF-000001	87	113	93.934	0.55	0.36	2.20.25.160	3.5.1.15
2.30.110.10-FF-000001	218	67	65.696	0.81	0.78	2.30.110.10	1.4.3.5
2.30.110.10-FF-000006	149	44	89.322	0.68	0.43	2.30.110.10	1.4.3.5
1.20.120.1150-FF-000002	860	1283	80.785	0.16	0.06	1.20.120.1150	5.2.1.8
2.30.130.10-FF-000003	112	905	94.845	0.61	0.37	2.30.130.10	2.7.2.11
2.30.130.110-FF-000001	95	964	93.154	0.67	0.6	2.30.130.110	4.2.1.42
2.30.130.40-FF-000001	127	50	73.534	0.73	0.69	2.30.130.40	3.4.21.53
2.30.140.10-FF-000002	63	311	81.782	0.68	0.59	2.30.140.10	2.5.1.16
2.30.140.10-FF-000004	55	35	43.477	0.85	0.87	2.30.140.10	2.5.1.16
2.30.150.10-FF-000001	188	1277	86.307	0.3	0.27	2.30.150.10	2.7.7.6
1.25.40.10-FF-000006	224	1831	93.365	0.43	0.33	1.25.40.10	1.14.11.2
2.30.250.10-FF-000002	180	521	83.997	0.69	0.63	2.30.250.10	3.4.11.21
2.30.29.180-FF-000001	108	37	66.726	0.75	0.72	2.30.29.180	3.4.19.12
2.30.280.10-FF-000001	227	103	57.775	0.71	0.65	2.30.280.10	2.3.2.27
2.30.29.240-FF-000002	216	177	76.483	0.82	0.83	2.30.29.240	3.1.4.11
2.30.29.240-FF-000005	223	122	64.969	0.82	0.77	2.30.29.240	3.1.4.11
1.25.40.10-FF-000008	247	2255	89.572	0.36	0.18	1.25.40.10	5.2.1.8
2.30.30.140-FF-000013	89	239	87.501	0.47	0.36	2.30.30.140	2.3.1.48
2.30.30.140-FF-000018	229	156	97.348	0.26	0.17	2.30.30.140	3.1.31.1
2.30.30.140-FF-000047	195	163	76.033	0.46	0.43	2.30.30.140	3.1.31.1
2.30.29.30-FF-000097	166	793	90.395	0.63	0.52	2.30.29.30	3.6.1.62
2.30.30.40-FF-000010	86	123	87.59	0.51	0.37	2.30.30.40	2.7.10.2
2.30.29.30-FF-000058	142	1142	70.983	0.63	0.61	2.30.29.30	2.7.10.2
2.30.30.40-FF-000070	269	36	51.326	0.16	0.13	2.30.30.40	2.4.1.68
2.30.30.40-FF-000022	89	676	61.3	0.61	0.6	2.30.30.40	2.7.10.2
2.30.30.40-FF-000145	81	46	57.922	0.62	0.6	2.30.30.40	2.7.10.2
2.30.30.40-FF-000152	74	273	84.72	0.62	0.55	2.30.30.40	2.7.10.2
2.30.30.40-FF-000229	77	118	89.043	0.54	0.36	2.30.30.40	2.7.10.2
2.30.30.490-FF-000004	246	98	68.526	0.53	0.49	2.30.30.490	2.1.1.37
2.30.30.40-FF-000001	80	1040	81.12	0.6	0.53	2.30.30.40	2.3.2.27
2.30.40.10-FF-000004	140	53	94.459	0.56	0.34	2.30.40.10	3.5.2.2
2.30.40.10-FF-000010	130	124	71.929	0.75	0.7	2.30.40.10	3.5.2.7
2.30.130.10-FF-000007	196	2104	89.789	0.32	0.2	2.30.130.10	2.7.2.11
2.40.100.10-FF-000006	166	178	54.368	0.93	0.94	2.40.100.10	5.2.1.8
2.30.40.10-FF-000013	113	242	78.497	0.77	0.73	2.30.40.10	3.4.19.5
2.40.100.10-FF-000007	231	85	83.704	0.57	0.51	2.40.100.10	5.2.1.8
2.30.30.40-FF-000095	80	1042	88.258	0.59	0.54	2.30.30.40	2.7.10.2
2.30.40.10-FF-000003	322	529	81.452	0.23	0.11	2.30.40.10	3.5.4.3
2.40.100.10-FF-000020	205	174	87.473	0.63	0.56	2.40.100.10	5.2.1.8
2.40.100.10-FF-000010	215	445	70.441	0.68	0.67	2.40.100.10	5.2.1.8
2.40.100.10-FF-000023	295	397	80.835	0.37	0.29	2.40.100.10	5.2.1.8
2.40.100.10-FF-000011	246	570	85.895	0.6	0.63	2.40.100.10	5.2.1.8
2.40.10.10-FF-000009	194	322	65.226	0.42	0.41	2.40.10.10	3.4.21.107
2.40.100.10-FF-000032	398	659	83.248	0.32	0.27	2.40.100.10	5.2.1.8
2.40.110.10-FF-000021	111	71	74.391	0.73	0.68	2.40.110.10	1.14.14.12
2.40.128.80-FF-000001	140	301	88.919	0.67	0.56	2.40.128.80	3.4.14.1
2.40.160.20-FF-000002	179	412	92.482	0.64	0.5	2.40.160.20	2.3.1.251
2.40.240.10-FF-000015	422	337	86.173	0.28	0.17	2.40.240.10	6.1.1.18
2.40.240.50-FF-000001	151	495	87.835	0.8	0.79	2.40.240.50	4.2.2.n1
2.160.10.10-FF-000009	213	2379	91.375	0.65	0.57	2.160.10.10	2.3.1.117
2.40.270.10-FF-000002	364	534	62.631	0.51	0.48	2.40.270.10	2.7.7.6
2.40.30.10-FF-000025	173	71	82.119	0.47	0.38	2.40.30.10	1.14.13.39
2.40.100.10-FF-000008	398	1376	73.098	0.3	0.25	2.40.100.10	5.2.1.8
2.40.30.10-FF-000036	171	942	88.331	0.55	0.51	2.40.30.10	1.6.2.4
2.40.30.10-FF-000041	136	467	88.091	0.72	0.67	2.40.30.10	1.6.2.4
2.40.30.10-FF-000048	331	358	54.039	0.34	0.29	2.40.30.10	1.18.1.2
2.40.30.10-FF-000073	187	320	90.646	0.52	0.43	2.40.30.10	1.6.2.4
2.40.10.240-FF-000002	177	3029	91.087	0.3	0.19	2.40.10.240	2.4.99.17
2.40.30.130-FF-000010	143	354	94.832	0.41	0.24	2.40.30.130	6.1.1.7
2.40.30.20-FF-000005	206	642	69.965	0.36	0.33	2.40.30.20	2.5.1.9
2.40.30.30-FF-000002	187	462	95.516	0.58	0.48	2.40.30.30	2.7.1.26
2.40.320.10-FF-000005	227	60	79.471	0.78	0.74	2.40.320.10	3.6.1.28
2.40.340.10-FF-000005	166	466	96.344	0.29	0.18	2.40.340.10	2.10.1.1
2.40.30.110-FF-000001	193	2054	97.33	0.33	0.26	2.40.30.110	2.1.2.10
2.40.30.10-FF-000032	262	2535	82.717	0.23	0.13	2.40.30.10	1.6.2.2
2.40.37.10-FF-000002	202	1457	89.547	0.49	0.42	2.40.37.10	5.1.1.1
2.40.37.10-FF-000001	605	1116	85.982	0.2	0.12	2.40.37.10	4.1.1.19
2.40.37.10-FF-000007	180	672	81.278	0.71	0.69	2.40.37.10	4.1.1.20
2.40.37.10-FF-000015	191	1040	94.041	0.48	0.33	2.40.37.10	5.1.1.1
2.40.37.10-FF-000019	153	507	43.896	0.87	0.88	2.40.37.10	4.1.1.20
2.40.40.10-FF-000002	192	449	85.922	0.76	0.72	2.40.40.10	4.2.2.n1
2.40.40.20-FF-000001	195	87	69.124	0.43	0.38	2.40.40.20	2.7.7.6
2.40.40.20-FF-000004	148	322	84.534	0.66	0.63	2.40.40.20	4.1.1.11
2.40.40.20-FF-000006	87	46	89.188	0.73	0.67	2.40.40.20	3.6.4.6
2.40.50.100-FF-000006	140	911	93.285	0.45	0.31	2.40.50.100	2.7.7.6
2.40.50.100-FF-000009	90	47	89.431	0.62	0.49	2.40.50.100	1.8.1.4
2.40.270.10-FF-000001	493	2626	69.294	0.31	0.23	2.40.270.10	2.7.7.6
2.40.50.140-FF-000012	303	1201	75.092	0.19	0.13	2.40.50.140	6.5.1.2
2.40.50.1070-FF-000001	270	3318	88.735	0.3	0.22	2.40.50.1070	2.1.1.35
2.40.50.140-FF-000079	82	150	45.557	0.89	0.9	2.40.50.140	3.1.13.1
2.40.50.140-FF-000081	107	675	79.233	0.75	0.79	2.40.50.140	3.1.13.1
2.40.50.140-FF-000085	172	802	89.912	0.71	0.65	2.40.50.140	6.5.1.1
2.40.50.140-FF-000132	228	816	95.125	0.3	0.12	2.40.50.140	6.1.1.12
2.40.100.10-FF-000028	408	4074	90.53	0.3	0.22	2.40.100.10	5.2.1.8
2.40.50.140-FF-000144	168	563	78.19	0.57	0.56	2.40.50.140	6.1.1.12
2.40.50.140-FF-000275	148	90	73.994	0.64	0.57	2.40.50.140	2.7.7.50
2.40.50.140-FF-000292	127	40	78.789	0.69	0.47	2.40.50.140	6.5.1.1
2.40.50.150-FF-000001	139	168	78.877	0.78	0.68	2.40.50.150	2.7.7.6
2.40.50.140-FF-000150	192	577	89.799	0.65	0.65	2.40.50.140	6.5.1.1
2.40.50.150-FF-000004	127	122	88.731	0.68	0.62	2.40.50.150	2.7.7.6
2.40.50.150-FF-000002	138	620	94.885	0.64	0.49	2.40.50.150	2.7.7.6
2.40.50.640-FF-000001	131	591	71.72	0.52	0.52	2.40.50.640	3.1.13.1
2.40.50.730-FF-000001	106	37	80.985	0.7	0.65	2.40.50.730	2.7.7.7
2.40.50.590-FF-000001	231	1242	86.765	0.46	0.38	2.40.50.590	2.7.7.7
2.40.50.90-FF-000001	171	245	88.703	0.64	0.56	2.40.50.90	3.1.31.1
2.40.50.90-FF-000002	199	597	94.852	0.55	0.48	2.40.50.90	3.1.31.1
2.40.50.90-FF-000003	166	75	89.737	0.72	0.64	2.40.50.90	3.1.31.1
2.40.50.90-FF-000004	174	141	86.018	0.73	0.68	2.40.50.90	3.1.31.1
2.40.50.90-FF-000005	256	215	92.593	0.39	0.18	2.40.50.90	3.1.31.1
2.40.50.90-FF-000025	157	180	82.656	0.82	0.83	2.40.50.90	3.1.31.1
2.40.70.10-FF-000032	204	216	70.516	0.68	0.58	2.40.70.10	3.4.23.15
2.40.70.10-FF-000037	196	304	72.333	0.72	0.66	2.40.70.10	3.4.23.15
2.40.50.730-FF-000004	465	732	83.131	0.27	0.16	2.40.50.730	2.7.7.7
2.60.120.1020-FF-000001	221	439	92.176	0.53	0.32	2.60.120.1020	3.5.1.52
2.60.120.10-FF-000021	234	94	84.473	0.7	0.48	2.60.120.10	1.13.11.24
2.60.120.10-FF-000023	334	161	71.187	0.5	0.35	2.60.120.10	5.3.1.8
2.40.37.10-FF-000006	408	3692	80.155	0.2	0.11	2.40.37.10	5.1.1.1
2.60.120.10-FF-000043	143	130	78.316	0.74	0.7	2.60.120.10	2.7.11.12
2.60.120.10-FF-000045	317	732	92.89	0.39	0.28	2.60.120.10	1.13.11.20
2.60.120.10-FF-000051	194	166	85.884	0.7	0.6	2.60.120.10	5.1.3.13
2.60.120.10-FF-000077	290	87	54.572	0.56	0.56	2.60.120.10	1.13.11.6
2.60.120.10-FF-000093	216	270	90.68	0.57	0.48	2.60.120.10	1.13.11.6
2.60.120.10-FF-000165	211	164	84.842	0.79	0.73	2.60.120.10	5.1.3.13
2.60.120.1190-FF-000002	195	298	78.348	0.8	0.81	2.60.120.1190	2.7.10.1
2.60.120.10-FF-000018	317	828	93.287	0.59	0.39	2.60.120.10	5.3.1.17
2.60.120.180-FF-000002	239	125	88.266	0.54	0.37	2.60.120.180	3.2.1.8
2.60.120.200-FF-000285	200	48	9.339	0.95	0.93	2.60.120.200	3.2.1.18
2.60.120.260-FF-000001	190	77	73.727	0.68	0.58	2.60.120.260	2.7.10.1
2.60.120.260-FF-000007	191	1097	91.161	0.62	0.5	2.60.120.260	2.7.10.1
2.60.120.260-FF-000021	263	1667	94.225	0.3	0.18	2.60.120.260	3.2.1.23
2.60.120.180-FF-000001	419	2168	81.683	0.33	0.25	2.60.120.180	3.2.1.8
2.60.120.260-FF-000065	324	286	89.724	0.35	0.27	2.60.120.260	3.2.1.23
2.60.120.260-FF-000058	275	606	85.882	0.63	0.49	2.60.120.260	3.2.1.23
2.60.120.260-FF-000088	241	270	87.461	0.41	0.32	2.60.120.260	3.2.1.23
2.60.120.260-FF-000108	248	220	78.084	0.77	0.75	2.60.120.260	3.2.1.23
2.60.120.260-FF-000143	138	64	44.978	0.82	0.76	2.60.120.260	3.2.1.23
2.60.120.260-FF-000102	206	419	95.252	0.62	0.49	2.60.120.260	4.2.2.23
2.60.120.320-FF-000002	144	549	90.204	0.44	0.38	2.60.120.320	2.7.6.2
2.60.120.380-FF-000012	132	395	94.164	0.58	0.41	2.60.120.380	3.4.24.3
2.60.120.590-FF-000002	237	384	62.957	0.79	0.76	2.60.120.590	1.14.11.53
2.60.120.560-FF-000001	222	715	93.191	0.7	0.6	2.60.120.560	3.2.1.46
2.60.120.590-FF-000005	237	361	92.025	0.66	0.54	2.60.120.590	1.14.11.33
2.60.120.620-FF-000002	287	532	94.927	0.54	0.44	2.60.120.620	1.14.11.2
2.60.120.620-FF-000016	327	46	78.753	0.61	0.48	2.60.120.620	1.14.11.55
2.60.120.650-FF-000002	372	184	71.987	0.7	0.68	2.60.120.650	1.14.11.68
2.60.120.650-FF-000009	365	119	69.252	0.7	0.68	2.60.120.650	1.14.11.68
2.60.120.920-FF-000004	236	350	93.655	0.48	0.29	2.60.120.920	2.3.2.27
2.60.120.920-FF-000013	210	485	71.727	0.73	0.67	2.60.120.920	3.6.4.13
2.60.130.10-FF-000002	238	209	45.432	0.92	0.92	2.60.130.10	1.13.11.3
2.60.15.10-FF-000001	92	191	99.208	0.6	0.37	2.60.15.10	3.6.3.14
2.60.200.20-FF-000015	138	261	90.104	0.65	0.49	2.60.200.20	2.3.2.27
2.60.120.620-FF-000012	392	617	87.4	0.52	0.39	2.60.120.620	1.14.11.18
2.60.200.30-FF-000001	186	1602	94.626	0.57	0.47	2.60.200.30	2.7.1.23
2.60.200.30-FF-000002	194	1331	80.298	0.5	0.35	2.60.200.30	2.7.1.23
2.60.200.30-FF-000003	317	1339	63.303	0.37	0.36	2.60.200.30	2.7.1.23
2.60.200.30-FF-000020	132	145	88.926	0.72	0.62	2.60.200.30	2.7.1.23
2.60.210.10-FF-000002	227	1271	94.964	0.48	0.43	2.60.210.10	2.3.2.27
2.60.210.10-FF-000006	170	75	74.77	0.7	0.72	2.60.210.10	3.4.19.12
2.60.210.10-FF-000010	172	400	73.735	0.78	0.75	2.60.210.10	2.3.2.27
2.60.390.10-FF-000001	200	100	76.246	0.31	0.2	2.60.390.10	3.2.1.23
2.60.40.10-FF-000041	124	1149	93.494	0.67	0.58	2.60.40.10	2.7.10.1
2.60.40.10-FF-000045	107	109	84.89	0.63	0.5	2.60.40.10	2.7.10.1
2.60.40.10-FF-000059	118	38	96.103	0.54	0.27	2.60.40.10	2.7.10.1
2.60.40.10-FF-000110	96	37	66.978	0.8	0.72	2.60.40.10	2.7.10.1
2.60.40.10-FF-000143	108	122	80.186	0.61	0.44	2.60.40.10	2.7.10.1
2.60.40.10-FF-000152	101	85	61.992	0.82	0.75	2.60.40.10	3.1.3.48
2.60.40.10-FF-000208	130	54	88.757	0.61	0.42	2.60.40.10	2.3.2.27
2.60.40.10-FF-000213	100	82	89.978	0.58	0.38	2.60.40.10	2.7.10.1
2.60.40.10-FF-000239	110	75	76.103	0.61	0.47	2.60.40.10	2.7.10.1
2.60.40.10-FF-000260	101	384	85.114	0.78	0.72	2.60.40.10	2.7.10.1
2.60.40.10-FF-000265	118	45	50.418	0.65	0.64	2.60.40.10	2.7.10.1
2.60.40.10-FF-000296	91	473	92.434	0.66	0.44	2.60.40.10	2.7.10.1
2.60.40.10-FF-000322	93	73	74.782	0.77	0.75	2.60.40.10	2.7.10.1
2.60.40.10-FF-000362	99	319	96.343	0.61	0.48	2.60.40.10	3.1.3.48
2.60.40.10-FF-000397	104	212	76.333	0.75	0.69	2.60.40.10	2.7.10.1
2.60.40.10-FF-000406	100	126	75.736	0.82	0.83	2.60.40.10	2.7.10.1
2.60.40.10-FF-000469	111	324	92.519	0.66	0.47	2.60.40.10	2.7.10.1
2.60.40.10-FF-000544	169	181	72.516	0.43	0.38	2.60.40.10	2.7.10.1
2.60.40.10-FF-000550	284	149	50.611	0.33	0.31	2.60.40.10	2.4.1.18
2.60.40.10-FF-000628	227	855	92.784	0.27	0.18	2.60.40.10	3.2.1.31
2.60.40.10-FF-000662	92	35	90.05	0.67	0.48	2.60.40.10	2.7.10.1
2.60.40.10-FF-000850	115	584	75.137	0.84	0.87	2.60.40.10	3.2.1.23
2.60.40.10-FF-001029	112	161	94.24	0.65	0.55	2.60.40.10	2.7.10.1
2.60.40.10-FF-001088	99	80	84.327	0.73	0.62	2.60.40.10	2.7.10.1
2.60.40.10-FF-001391	136	98	83.138	0.74	0.68	2.60.40.10	3.2.1.21
2.60.40.10-FF-002546	113	217	97.111	0.58	0.27	2.60.40.10	3.2.1.23
2.60.40.1120-FF-000006	82	50	74.639	0.83	0.77	2.60.40.1120	3.4.17.22
2.60.40.1120-FF-000017	85	108	74.304	0.79	0.69	2.60.40.1120	4.2.2.23
2.60.40.1130-FF-000001	112	237	96.903	0.63	0.45	2.60.40.1130	2.5.1.60
2.60.40.1180-FF-000001	338	89	89.772	0.29	0.12	2.60.40.1180	3.2.1.20
2.60.40.1180-FF-000014	221	280	58.396	0.35	0.29	2.60.40.1180	2.4.1.18
2.60.40.1180-FF-000020	220	1462	72.717	0.3	0.23	2.60.40.1180	3.2.1.1
2.60.40.150-FF-000012	157	181	79.457	0.69	0.65	2.60.40.150	2.7.11.13
2.60.40.150-FF-000092	146	45	62.568	0.78	0.73	2.60.40.150	2.3.2.26
2.60.40.150-FF-000098	152	531	75.989	0.73	0.66	2.60.40.150	3.1.4.11
2.60.40.150-FF-000105	228	523	68.055	0.48	0.45	2.60.40.150	3.1.4.11
2.60.40.1770-FF-000001	82	1038	91.401	0.55	0.46	2.60.40.1770	2.7.10.1
2.60.40.180-FF-000001	121	134	77.756	0.76	0.67	2.60.40.180	3.5.2.17
2.60.40.180-FF-000004	125	404	95.17	0.65	0.47	2.60.40.180	3.5.2.17
2.60.40.1860-FF-000001	121	134	83.679	0.83	0.86	2.60.40.1860	3.5.3.15
1.10.1410.10-FF-000001	1234	4444	68.731	0.09	0.07	1.10.1410.10	2.7.7.19
2.60.40.200-FF-000005	185	246	93.087	0.54	0.34	2.60.40.200	1.15.1.1
2.60.40.200-FF-000008	209	197	88.945	0.59	0.43	2.60.40.200	1.15.1.1
2.60.40.200-FF-000002	180	397	91.827	0.66	0.52	2.60.40.200	1.15.1.1
2.60.40.200-FF-000012	207	370	90.022	0.62	0.51	2.60.40.200	1.15.1.1
2.60.40.3500-FF-000001	150	400	76.116	0.65	0.65	2.60.40.3500	3.5.1.28
2.60.40.2300-FF-000001	174	578	82.513	0.52	0.44	2.60.40.2300	3.5.1.23
2.60.40.420-FF-000058	264	184	86.169	0.61	0.53	2.60.40.420	1.10.3.3
2.60.40.420-FF-000059	138	212	81.679	0.76	0.75	2.60.40.420	1.10.3.3
2.60.40.420-FF-000060	237	322	88.05	0.67	0.59	2.60.40.420	1.10.3.3
2.60.40.380-FF-000001	294	382	87.395	0.22	0.13	2.60.40.380	3.1.3.2
2.60.40.420-FF-000095	123	279	71.869	0.87	0.8	2.60.40.420	1.7.2.4
2.60.40.790-FF-000003	132	45	44.973	0.74	0.72	2.60.40.790	5.3.99.3
2.70.160.11-FF-000010	181	110	88.444	0.75	0.55	2.70.160.11	2.1.1.321
2.70.160.11-FF-000004	263	455	81.832	0.55	0.45	2.70.160.11	2.1.1.321
2.70.40.10-FF-000004	155	244	72.694	0.65	0.65	2.70.40.10	3.6.1.23
2.70.40.10-FF-000003	197	589	89.158	0.78	0.7	2.70.40.10	3.5.4.13
2.70.70.10-FF-000002	142	144	93.922	0.59	0.51	2.70.70.10	3.4.24.75
2.70.98.10-FF-000006	295	555	59.185	0.94	0.96	2.70.98.10	3.2.1.23
2.70.98.10-FF-000020	291	215	89.014	0.66	0.55	2.70.98.10	4.2.2.23
2.80.10.50-FF-000076	143	62	82.129	0.72	0.6	2.80.10.50	3.2.2.22
3.10.129.10-FF-000002	151	394	86.54	0.72	0.68	3.10.129.10	3.1.2.28
2.70.40.10-FF-000008	187	1538	84.347	0.48	0.42	2.70.40.10	3.6.1.23
3.10.150.10-FF-000002	138	451	84.712	0.77	0.78	3.10.150.10	2.7.7.7
3.10.150.10-FF-000003	122	439	75.616	0.81	0.79	3.10.150.10	2.7.7.7
3.10.150.10-FF-000005	192	1568	95.701	0.44	0.32	3.10.150.10	2.7.7.7
2.60.200.30-FF-000007	249	3349	92.929	0.4	0.35	2.60.200.30	2.7.1.23
3.10.150.10-FF-000001	196	1902	88.319	0.39	0.24	3.10.150.10	2.7.7.7
3.10.180.10-FF-000004	414	1065	89.312	0.5	0.47	3.10.180.10	4.4.1.5
3.10.180.20-FF-000001	269	723	70.647	0.2	0.16	3.10.180.20	2.4.1.101
3.10.20.70-FF-000003	143	664	82.869	0.64	0.64	3.10.20.70	6.3.1.2
3.10.20.70-FF-000005	241	2789	89.337	0.32	0.27	3.10.20.70	6.3.1.2
3.10.20.70-FF-000006	117	530	63.295	0.73	0.65	3.10.20.70	6.3.1.2
3.10.20.90-FF-000060	91	54	86.609	0.63	0.46	3.10.20.90	3.1.3.16
3.10.25.10-FF-000001	117	835	93.027	0.73	0.66	3.10.25.10	2.1.2.9
3.10.25.10-FF-000002	127	91	93.87	0.55	0.39	3.10.25.10	1.5.1.6
3.10.25.10-FF-000003	108	90	52.082	0.9	0.91	3.10.25.10	2.1.2.9
3.10.290.10-FF-000014	268	1852	78.377	0.19	0.12	3.10.290.10	6.1.1.1
3.10.290.20-FF-000001	107	876	96.186	0.63	0.5	3.10.290.20	6.2.1.64
2.60.120.10-FF-000030	903	3643	77.134	0.13	0.08	2.60.120.10	5.3.1.8
3.10.310.10-FF-000002	165	1033	90.457	0.66	0.58	3.10.310.10	5.1.1.7
3.10.310.10-FF-000006	165	324	82.212	0.64	0.53	3.10.310.10	5.1.1.7
3.10.310.10-FF-000004	223	852	88.806	0.4	0.23	3.10.310.10	5.1.1.7
3.10.310.10-FF-000011	185	480	86.757	0.55	0.49	3.10.310.10	5.1.1.7
3.10.310.10-FF-000018	247	152	83.4	0.63	0.59	3.10.310.10	5.3.3.6
3.10.310.10-FF-000009	231	695	84.1	0.44	0.35	3.10.310.10	5.1.1.7
3.10.450.330-FF-000001	157	126	90.984	0.53	0.34	3.10.450.330	2.4.1.13
3.10.200.10-FF-000001	441	2121	82.295	0.42	0.35	3.10.200.10	4.2.1.1
3.10.490.10-FF-000007	224	246	90.667	0.59	0.5	3.10.490.10	4.3.2.9
3.10.50.10-FF-000001	216	306	92.569	0.32	0.21	3.10.50.10	3.2.1.14
3.10.310.20-FF-000001	151	2421	96.165	0.52	0.35	3.10.310.20	3.6.1.1
3.10.50.40-FF-000007	112	206	61.839	0.87	0.85	3.10.50.40	5.2.1.8
3.10.50.40-FF-000008	111	300	89.252	0.82	0.8	3.10.50.40	5.2.1.8
3.10.50.40-FF-000011	155	758	89.693	0.65	0.59	3.10.50.40	5.2.1.8
3.10.50.40-FF-000012	147	552	83.136	0.72	0.72	3.10.50.40	5.2.1.8
3.10.50.40-FF-000015	108	167	82.234	0.74	0.71	3.10.50.40	5.2.1.8
3.10.50.40-FF-000017	158	807	95.143	0.58	0.51	3.10.50.40	5.2.1.8
3.10.50.40-FF-000022	145	609	93.396	0.67	0.68	3.10.50.40	5.2.1.8
3.10.50.40-FF-000024	118	118	73.078	0.85	0.88	3.10.50.40	5.2.1.8
3.10.50.40-FF-000026	190	761	81.608	0.43	0.33	3.10.50.40	5.2.1.8
3.10.50.40-FF-000030	148	172	84.286	0.72	0.7	3.10.50.40	5.2.1.8
3.10.50.40-FF-000032	196	372	80.816	0.45	0.35	3.10.50.40	5.2.1.8
3.10.50.40-FF-000043	123	51	74.403	0.82	0.8	3.10.50.40	5.2.1.8
3.10.50.40-FF-000056	136	66	77.427	0.68	0.57	3.10.50.40	5.2.1.8
3.10.520.10-FF-000001	345	81	96.937	0.57	0.33	3.10.520.10	2.7.1.180
3.10.620.10-FF-000001	357	501	84.291	0.34	0.22	3.10.620.10	3.5.1.122
3.10.620.30-FF-000001	314	166	80.798	0.54	0.47	3.10.620.30	3.5.1.52
3.10.50.40-FF-000004	242	3013	82.09	0.34	0.24	3.10.50.40	5.2.1.8
3.20.10.10-FF-000005	233	810	81.171	0.64	0.61	3.20.10.10	2.6.1.42
3.20.10.10-FF-000007	243	570	88.831	0.59	0.53	3.20.10.10	2.6.1.42
3.20.140.10-FF-000005	364	120	84.39	0.53	0.42	3.20.140.10	6.3.4.21
3.20.190.10-FF-000003	142	195	69.641	0.79	0.78	3.20.190.10	4.2.99.18
3.20.200.10-FF-000002	325	77	79.063	0.28	0.19	3.20.200.10	2.7.11.20
3.20.20.10-FF-000009	253	559	74.972	0.83	0.81	3.20.20.10	4.1.1.20
3.10.200.10-FF-000003	831	2829	85.527	0.17	0.09	3.10.200.10	4.2.1.1
3.20.20.120-FF-000003	338	985	71.676	0.68	0.63	3.20.20.120	4.2.1.40
3.20.20.140-FF-000006	360	373	88.033	0.67	0.58	3.20.20.140	3.5.2.3
3.20.20.140-FF-000017	500	164	77.769	0.38	0.22	3.20.20.140	3.5.4.4
3.20.20.140-FF-000021	313	97	87.423	0.74	0.62	3.20.20.140	3.5.4.3
3.20.20.140-FF-000028	336	1099	83.345	0.63	0.57	3.20.20.140	2.7.7.7
3.20.20.140-FF-000029	403	377	81.756	0.61	0.56	3.20.20.140	4.1.1.45
3.20.20.140-FF-000042	299	321	87.391	0.77	0.74	3.20.20.140	3.4.19.5
1.10.240.10-FF-000001	423	9232	76.012	0.14	0.09	1.10.240.10	6.1.1.1
3.20.20.190-FF-000009	350	468	97.26	0.58	0.51	3.20.20.190	3.1.4.46
3.20.20.190-FF-000014	327	167	45.597	0.82	0.8	3.20.20.190	3.1.4.11
3.20.20.190-FF-000036	252	427	87.571	0.77	0.69	3.20.20.190	3.1.4.46
3.20.20.140-FF-000047	429	2867	88.446	0.36	0.21	3.20.20.140	2.7.7.7
3.20.10.10-FF-000001	207	4490	95.289	0.56	0.39	3.20.10.10	2.6.1.42
3.20.20.210-FF-000001	386	260	86.461	0.58	0.47	3.20.20.210	4.1.1.37
3.20.20.210-FF-000006	410	169	91.7	0.41	0.27	3.20.20.210	4.1.1.37
3.20.20.300-FF-000001	370	95	88.898	0.58	0.41	3.20.20.300	3.2.1.52
3.20.20.300-FF-000005	376	107	89.363	0.53	0.4	3.20.20.300	3.2.1.21
3.20.20.300-FF-000006	380	337	83.654	0.54	0.4	3.20.20.300	3.2.1.21
3.20.20.360-FF-000001	548	480	88.948	0.33	0.2	3.20.20.360	2.3.3.9
3.20.20.60-FF-000007	360	226	88.732	0.61	0.51	3.20.20.60	2.7.3.9
3.20.20.60-FF-000010	316	40	80.833	0.73	0.61	3.20.20.60	2.7.9.2
3.20.20.70-FF-000002	341	161	90.298	0.64	0.45	3.20.20.70	2.2.1.2
3.10.50.40-FF-000001	378	4754	81.903	0.16	0.09	3.10.50.40	5.2.1.8
3.20.20.20-FF-000008	472	2038	87.621	0.43	0.34	3.20.20.20	2.5.1.15
3.20.20.70-FF-000012	354	174	86.278	0.69	0.59	3.20.20.70	1.7.1.7
3.20.20.70-FF-000013	367	361	62.918	0.73	0.72	3.20.20.70	4.1.2.13
3.20.20.70-FF-000011	395	1514	88.545	0.55	0.44	3.20.20.70	2.8.1.6
3.20.20.20-FF-000004	404	2404	90.771	0.49	0.36	3.20.20.20	2.5.1.15
3.20.20.70-FF-000034	279	824	87.026	0.79	0.76	3.20.20.70	4.1.2.4
3.20.20.70-FF-000032	379	1080	80.322	0.6	0.57	3.20.20.70	2.3.3.14
3.20.20.70-FF-000048	352	190	91.744	0.63	0.45	3.20.20.70	4.2.1.24
3.20.20.70-FF-000056	390	70	92.357	0.56	0.36	3.20.20.70	1.1.3.15
3.20.20.70-FF-000055	314	327	82.997	0.77	0.68	3.20.20.70	4.3.1.7
3.20.20.70-FF-000065	467	411	80.813	0.41	0.26	3.20.20.70	3.2.1.35
3.20.20.70-FF-000058	300	940	88.948	0.79	0.78	3.20.20.70	2.5.1.55
3.20.20.70-FF-000095	302	413	75.224	0.7	0.71	3.20.20.70	5.4.3.2
3.20.20.70-FF-000090	308	929	79.626	0.28	0.19	3.20.20.70	2.4.2.19
3.20.20.70-FF-000133	315	67	40.764	0.69	0.66	3.20.20.70	4.1.3.3
3.20.20.70-FF-000181	363	184	75.34	0.54	0.53	3.20.20.70	5.1.3.1
3.20.20.70-FF-000198	334	349	92.426	0.45	0.25	3.20.20.70	4.1.2.4
3.20.20.70-FF-000223	267	652	95.859	0.57	0.43	3.20.20.70	5.3.1.1
3.20.20.70-FF-000270	320	119	77.067	0.69	0.63	3.20.20.70	5.3.1.1
3.20.20.70-FF-000290	241	57	93.684	0.56	0.27	3.20.20.70	4.2.1.10
3.20.20.70-FF-000293	233	294	34.369	0.96	0.96	3.20.20.70	5.3.1.1
3.20.20.80-FF-000017	372	178	94.832	0.5	0.3	3.20.20.80	3.2.1.23
3.20.20.80-FF-000029	354	396	93.625	0.61	0.45	3.20.20.80	3.2.1.31
3.20.20.70-FF-000110	487	984	85.452	0.37	0.28	3.20.20.70	5.3.1.16
3.20.20.80-FF-000063	495	101	93.264	0.26	0.06	3.20.20.80	3.2.1.52
3.20.20.80-FF-000094	326	161	82.585	0.73	0.64	3.20.20.80	3.2.1.8
3.20.20.80-FF-000095	340	73	87.883	0.68	0.53	3.20.20.80	3.2.1.14
3.20.20.80-FF-000116	333	81	86.212	0.63	0.44	3.20.20.80	3.2.1.23
3.20.20.80-FF-000123	314	154	79.905	0.68	0.45	3.20.20.80	3.2.1.23
3.20.20.80-FF-000125	310	60	83.23	0.71	0.55	3.20.20.80	3.2.1.14
3.20.20.80-FF-000220	326	199	94.982	0.67	0.52	3.20.20.80	3.2.1.14
3.30.1010.10-FF-000002	185	153	94.695	0.48	0.25	3.30.1010.10	2.7.1.137
3.30.1120.10-FF-000004	100	62	68.372	0.79	0.78	3.30.1120.10	3.1.6.4
3.30.1120.120-FF-000001	122	49	85.661	0.67	0.57	3.30.1120.120	2.7.11.21
3.30.1120.130-FF-000001	118	48	74.638	0.77	0.79	3.30.1120.130	2.7.11.21
3.30.1120.30-FF-000001	247	135	96.099	0.31	0.23	3.30.1120.30	2.7.11.21
3.30.1120.30-FF-000003	256	356	87.001	0.56	0.45	3.30.1120.30	2.7.11.21
3.30.1140.32-FF-000005	135	231	25.321	0.74	0.68	3.30.1140.32	4.2.99.18
3.30.1240.10-FF-000001	109	206	59.159	0.89	0.89	3.30.1240.10	3.1.3.23
3.20.20.80-FF-000060	473	1184	85.916	0.3	0.21	3.20.20.80	3.2.1.17
3.30.1330.10-FF-000004	634	616	76.023	0.27	0.15	3.30.1330.10	6.3.5.3
3.30.1330.30-FF-000007	88	137	83.928	0.68	0.65	3.30.1330.30	2.1.1.185
3.30.1330.40-FF-000014	144	101	88.101	0.64	0.49	3.30.1330.40	5.4.99.5
3.30.1330.50-FF-000002	165	227	75.36	0.89	0.9	3.30.1330.50	4.6.1.12
3.20.20.70-FF-000008	546	4308	92.798	0.39	0.31	3.20.20.70	2.1.1.192
3.30.1360.120-FF-000002	170	566	85.32	0.69	0.63	3.30.1360.120	2.1.2.10
3.30.1360.120-FF-000004	155	137	74.7	0.76	0.7	3.30.1360.120	2.1.2.10
3.30.1360.20-FF-000001	139	526	89.505	0.51	0.43	3.30.1360.20	4.2.1.96
3.30.1360.30-FF-000003	168	54	87.123	0.54	0.34	3.30.1360.30	6.3.5.7
3.30.1360.70-FF-000001	110	342	62.672	0.75	0.75	3.30.1360.70	6.1.1.19
3.30.1360.70-FF-000006	159	52	90.242	0.51	0.33	3.30.1360.70	6.1.1.19
3.30.1360.70-FF-000008	129	654	90.097	0.53	0.57	3.30.1360.70	6.1.1.19
3.30.1360.80-FF-000001	179	61	46.46	0.77	0.72	3.30.1360.80	4.4.1.21
3.30.1490.100-FF-000002	124	1237	91.805	0.62	0.46	3.30.1490.100	2.7.7.7
3.30.1490.100-FF-000005	134	512	92.22	0.68	0.66	3.30.1490.100	2.7.7.7
3.30.1490.180-FF-000001	129	197	90.797	0.44	0.35	3.30.1490.180	2.7.7.6
3.30.1490.180-FF-000002	144	52	78.21	0.32	0.22	3.30.1490.180	2.7.7.6
3.30.1490.20-FF-000009	118	5974	81.822	0.38	0.28	3.30.1490.20	6.3.2.3
3.30.1490.20-FF-000010	256	191	87.319	0.45	0.27	3.30.1490.20	2.7.9.2
3.30.1490.20-FF-000016	83	307	83.593	0.62	0.53	3.30.1490.20	4.1.1.21
3.30.1490.20-FF-000027	171	40	81.61	0.7	0.53	3.30.1490.20	2.7.9.1
3.30.1490.50-FF-000002	249	723	75.302	0.17	0.11	3.30.1490.50	6.3.2.3
3.20.20.70-FF-000018	398	6237	91.819	0.36	0.23	3.20.20.70	2.2.1.2
3.30.1600.10-FF-000002	96	291	88.409	0.71	0.59	3.30.1600.10	2.3.1.286
3.30.160.20-FF-000003	114	560	95.222	0.39	0.26	3.30.160.20	3.1.26.3
3.30.160.20-FF-000028	113	50	87.915	0.58	0.48	3.30.160.20	3.6.4.13
3.30.1520.20-FF-000001	246	3119	85.422	0.39	0.24	3.30.1520.20	3.1.11.1
3.30.160.40-FF-000003	262	226	85.848	0.57	0.34	3.30.160.40	2.5.1.61
3.30.160.40-FF-000001	411	1583	72.261	0.12	0.06	3.30.160.40	2.5.1.61
3.30.1780.10-FF-000001	162	84	65.357	0.73	0.75	3.30.1780.10	1.5.1.25
3.30.190.10-FF-000001	135	143	82.097	0.66	0.55	3.30.190.10	4.1.1.39
3.30.1960.10-FF-000010	236	197	97.703	0.49	0.23	3.30.1960.10	2.1.1.282
3.30.200.20-FF-000001	180	271	73.761	0.5	0.48	3.30.200.20	2.7.10.1
3.30.200.20-FF-000011	116	388	70.978	0.79	0.74	3.30.200.20	2.7.10.1
3.30.200.20-FF-000014	184	137	66.966	0.53	0.52	3.30.200.20	2.7.11.24
3.30.200.20-FF-000016	168	469	54.283	0.49	0.48	3.30.200.20	2.7.10.2
3.30.1700.10-FF-000001	414	835	69.156	0.34	0.31	3.30.1700.10	3.5.1.108
3.30.200.20-FF-000026	180	155	55.697	0.44	0.4	3.30.200.20	2.7.10.1
3.30.200.20-FF-000036	172	440	83.658	0.39	0.35	3.30.200.20	2.7.10.2
3.30.200.20-FF-000058	150	247	91.072	0.54	0.42	3.30.200.20	2.7.11.13
3.30.200.20-FF-000069	103	91	12.566	0.94	0.94	3.30.200.20	2.7.11.1
3.30.200.20-FF-000072	212	89	65.48	0.76	0.7	3.30.200.20	2.7.11.1
3.30.200.20-FF-000077	97	150	88.112	0.69	0.72	3.30.200.20	2.7.11.1
3.30.200.20-FF-000018	185	1474	35.526	0.42	0.42	3.30.200.20	2.7.11.1
3.30.200.20-FF-000089	146	825	73.181	0.47	0.41	3.30.200.20	2.7.10.2
3.30.200.20-FF-000095	84	145	61.975	0.82	0.8	3.30.200.20	2.7.11.25
3.30.200.20-FF-000121	97	40	70.592	0.71	0.67	3.30.200.20	2.7.11.1
3.30.200.20-FF-000086	172	1642	97.682	0.33	0.23	3.30.200.20	6.3.2.6
3.30.200.20-FF-000128	106	64	81.205	0.67	0.59	3.30.200.20	2.7.11.1
3.30.200.20-FF-000135	114	125	88.636	0.58	0.44	3.30.200.20	2.7.10.2
3.30.200.20-FF-000141	256	722	51.505	0.36	0.35	3.30.200.20	2.7.11.1
3.30.200.20-FF-000152	83	110	54.174	0.9	0.9	3.30.200.20	2.7.11.25
3.30.200.20-FF-000154	193	179	67.913	0.39	0.34	3.30.200.20	2.7.11.1
3.30.200.20-FF-000166	172	721	90.632	0.43	0.34	3.30.200.20	2.7.11.24
3.30.200.20-FF-000174	154	653	58.377	0.49	0.46	3.30.200.20	2.7.11.30
3.30.200.20-FF-000189	108	309	93.802	0.56	0.45	3.30.200.20	6.3.2.6
3.30.200.20-FF-000194	100	85	93.495	0.57	0.32	3.30.200.20	2.7.10.2
3.30.200.20-FF-000127	231	1739	87.182	0.49	0.39	3.30.200.20	2.7.12.1
3.30.200.20-FF-000210	259	1478	86.925	0.35	0.33	3.30.200.20	2.7.11.24
3.30.200.20-FF-000213	136	883	82.585	0.52	0.48	3.30.200.20	2.7.11.30
3.30.200.20-FF-000232	114	585	92.097	0.65	0.61	3.30.200.20	2.7.11.1
3.30.200.20-FF-000235	168	502	81.233	0.46	0.45	3.30.200.20	2.7.11.1
3.30.200.20-FF-000242	128	68	55.74	0.75	0.7	3.30.200.20	2.7.11.24
3.30.200.20-FF-000284	125	529	84.876	0.56	0.5	3.30.200.20	2.7.11.21
3.30.200.20-FF-000326	148	90	54.748	0.82	0.8	3.30.200.20	2.7.11.25
3.30.200.20-FF-000348	93	277	93.743	0.7	0.6	3.30.200.20	2.7.11.1
3.30.200.20-FF-000368	117	162	67.065	0.81	0.82	3.30.200.20	2.7.11.1
3.30.200.20-FF-000392	195	263	94.272	0.35	0.24	3.30.200.20	6.3.2.6
3.30.200.20-FF-000409	322	267	68.773	0.34	0.25	3.30.200.20	2.7.11.1
3.30.200.20-FF-000410	94	52	18.524	0.91	0.9	3.30.200.20	2.7.11.1
3.30.200.60-FF-000001	130	133	88.763	0.4	0.26	3.30.200.60	3.4.19.12
3.30.2010.10-FF-000002	240	294	95.31	0.2	0.16	3.30.2010.10	3.4.24.84
3.30.210.10-FF-000001	88	260	90.407	0.61	0.52	3.30.210.10	2.7.7.7
3.30.210.10-FF-000002	95	348	96.433	0.48	0.33	3.30.210.10	2.7.7.7
3.30.210.10-FF-000004	90	88	76.781	0.6	0.5	3.30.210.10	2.7.7.7
3.30.2130.30-FF-000003	184	66	33.958	0.86	0.87	3.30.2130.30	2.8.1.4
3.30.2140.20-FF-000001	355	1245	92.245	0.51	0.34	3.30.2140.20	2.3.1.5
3.30.2160.10-FF-000001	190	66	73.775	0.29	0.21	3.30.2160.10	2.3.2.26
3.30.2160.10-FF-000003	97	66	78.837	0.66	0.64	3.30.2160.10	2.3.2.26
3.30.2170.10-FF-000007	395	859	91.455	0.4	0.34	3.30.2170.10	3.1.21.7
3.30.2170.10-FF-000008	254	46	88.779	0.56	0.31	3.30.2170.10	3.1.21.7
3.30.2300.20-FF-000001	177	305	77.142	0.79	0.63	3.30.2300.20	2.1.1.186
3.30.230.10-FF-000003	161	63	86.092	0.53	0.37	3.30.230.10	3.6.5.3
3.30.230.10-FF-000010	216	166	89.268	0.68	0.64	3.30.230.10	3.4.21.53
3.30.230.10-FF-000020	238	607	78.025	0.62	0.59	3.30.230.10	2.7.1.39
3.30.230.10-FF-000021	193	1441	96.948	0.35	0.24	3.30.230.10	3.1.26.5
3.30.200.20-FF-000199	580	2331	85.03	0.13	0.07	3.30.200.20	6.3.2.6
3.30.230.10-FF-000027	339	414	95.495	0.51	0.3	3.30.230.10	2.7.1.36
3.30.230.10-FF-000056	322	248	93.775	0.49	0.31	3.30.230.10	2.7.1.6
3.30.230.10-FF-000076	261	598	76.134	0.54	0.53	3.30.230.10	2.7.1.148
3.30.230.10-FF-000087	214	49	81.068	0.6	0.41	3.30.230.10	4.1.1.33
3.30.230.10-FF-000107	194	45	17.617	0.97	0.97	3.30.230.10	2.7.4.2
3.30.230.10-FF-000127	189	55	77.789	0.68	0.51	3.30.230.10	2.7.1.36
3.30.230.20-FF-000001	256	887	58.447	0.41	0.37	3.30.230.20	3.5.1.108
3.30.230.40-FF-000004	303	272	87.823	0.46	0.36	3.30.230.40	4.2.1.19
3.30.230.70-FF-000006	287	404	90.326	0.64	0.59	3.30.230.70	2.7.7.8
3.30.230.70-FF-000008	289	472	89.7	0.65	0.64	3.30.230.70	2.7.7.8
3.30.2410.10-FF-000002	125	1406	87.906	0.81	0.82	3.30.2410.10	2.3.2.26
3.30.280.10-FF-000001	230	927	77.697	0.37	0.26	3.30.280.10	3.5.1.5
3.30.300.10-FF-000001	315	679	70.625	0.25	0.24	3.30.300.10	2.5.1.6
3.30.1330.10-FF-000003	971	5128	79.556	0.1	0.07	3.30.1330.10	2.7.9.3
3.30.230.10-FF-000022	478	2144	89.339	0.27	0.22	3.30.230.10	2.7.1.148
3.30.300.10-FF-000007	177	66	63.82	0.66	0.6	3.30.300.10	2.5.1.6
3.30.300.30-FF-000004	175	247	90.237	0.57	0.49	3.30.300.30	6.2.1.1
3.30.300.330-FF-000001	264	184	77.198	0.44	0.34	3.30.300.330	2.5.1.26
3.30.310.40-FF-000001	207	437	73.427	0.29	0.2	3.30.310.40	4.2.99.18
3.30.360.10-FF-000015	372	600	87.827	0.62	0.56	3.30.360.10	1.1.1.49
3.30.360.10-FF-000021	242	388	68.568	0.59	0.57	3.30.360.10	1.2.1.10
3.30.360.10-FF-000040	128	402	77.064	0.75	0.7	3.30.360.10	5.5.1.4
3.30.360.20-FF-000002	263	1229	82.245	0.22	0.1	3.30.360.20	6.5.1.4
3.30.379.10-FF-000001	149	93	83.126	0.69	0.45	3.30.379.10	3.2.1.52
3.30.390.10-FF-000005	134	135	59.569	0.77	0.72	3.30.390.10	4.2.1.113
3.30.390.10-FF-000006	197	81	79.986	0.53	0.4	3.30.390.10	4.2.1.68
3.30.390.10-FF-000007	174	106	35.273	0.84	0.81	3.30.390.10	4.2.1.90
1.10.730.10-FF-000008	1459	6764	80.081	0.05	0.03	1.10.730.10	6.1.1.19
3.30.40.10-FF-000066	129	745	86.898	0.64	0.56	3.30.40.10	2.3.2.27
3.30.40.10-FF-000097	114	610	85.498	0.56	0.47	3.30.40.10	2.3.2.27
3.30.40.10-FF-000100	108	474	80.415	0.68	0.64	3.30.40.10	2.3.2.27
3.30.300.10-FF-000006	394	2534	54.236	0.22	0.19	3.30.300.10	2.5.1.6
3.30.40.10-FF-000179	124	559	85.714	0.58	0.49	3.30.40.10	2.3.2.27
3.30.40.10-FF-000189	143	349	83.445	0.57	0.43	3.30.40.10	2.3.2.27
3.30.40.10-FF-000242	108	173	68.693	0.66	0.6	3.30.40.10	2.3.2.27
3.30.40.10-FF-000142	178	1958	84.257	0.46	0.39	3.30.40.10	2.3.2.27
3.30.420.10-FF-000001	305	244	41.368	0.8	0.77	3.30.420.10	3.1.26.n2
3.30.390.130-FF-000001	253	2009	85.682	0.42	0.34	3.30.390.130	2.3.2.27
3.30.420.10-FF-000005	501	928	84.278	0.4	0.36	3.30.420.10	3.1.13.4
3.30.413.10-FF-000004	650	1416	75.072	0.24	0.22	3.30.413.10	1.8.1.2
3.30.420.10-FF-000004	343	1640	87.66	0.48	0.38	3.30.420.10	2.7.7.7
3.30.420.10-FF-000018	302	59	66.667	0.67	0.66	3.30.420.10	2.7.7.7
3.30.420.10-FF-000035	367	505	86.187	0.66	0.56	3.30.420.10	3.1.13.4
3.30.420.10-FF-000046	250	220	91.547	0.62	0.43	3.30.420.10	3.1.11.2
3.30.420.10-FF-000047	257	1378	95.52	0.44	0.28	3.30.420.10	3.1.26.4
3.30.420.10-FF-000048	370	269	92.636	0.47	0.34	3.30.420.10	3.1.13.4
3.30.420.10-FF-000008	218	1818	94.532	0.51	0.43	3.30.420.10	3.1.26.4
3.30.420.10-FF-000107	296	65	79.566	0.7	0.62	3.30.420.10	3.1.13.4
3.30.420.10-FF-000139	212	160	84.791	0.52	0.34	3.30.420.10	3.1.26.4
3.30.420.10-FF-000142	257	38	72.036	0.57	0.41	3.30.420.10	3.1.26.4
3.30.420.10-FF-000208	227	83	88.614	0.71	0.66	3.30.420.10	2.7.7.7
3.30.420.390-FF-000002	301	85	86.627	0.56	0.47	3.30.420.390	2.7.7.7
3.30.420.10-FF-000016	599	1740	88.603	0.2	0.13	3.30.420.10	3.1.26.4
3.30.420.40-FF-000015	530	878	74.578	0.26	0.19	3.30.420.40	2.7.1.1
3.30.420.40-FF-000042	269	1122	86.706	0.59	0.52	3.30.420.40	2.7.2.1
3.30.420.40-FF-000045	182	609	78.513	0.53	0.51	3.30.420.40	2.7.1.2
3.30.420.40-FF-000062	138	87	41.685	0.83	0.85	3.30.420.40	2.7.1.60
3.30.420.40-FF-000055	176	526	49.857	0.93	0.93	3.30.420.40	2.7.1.2
3.30.420.40-FF-000073	255	318	78.769	0.74	0.68	3.30.420.40	2.7.1.5
3.30.420.40-FF-000063	254	506	82.32	0.48	0.36	3.30.420.40	2.7.1.60
3.30.420.40-FF-000108	349	255	90.962	0.45	0.32	3.30.420.40	2.7.1.30
3.30.420.40-FF-000126	350	219	78.285	0.69	0.65	3.30.420.40	2.7.1.17
3.30.420.40-FF-000168	256	114	30.827	0.92	0.92	3.30.420.40	2.7.1.17
3.30.420.40-FF-000297	208	35	80.742	0.63	0.54	3.30.420.40	2.3.1.234
3.30.43.10-FF-000003	309	369	82.878	0.28	0.23	3.30.43.10	2.5.1.26
3.30.450.20-FF-000155	142	52	95.743	0.5	0.27	3.30.450.20	2.7.13.3
3.30.450.40-FF-000038	169	32	54.973	0.67	0.64	3.30.450.40	2.7.13.3
3.30.420.40-FF-000086	659	644	85.331	0.22	0.12	3.30.420.40	2.7.1.30
3.30.460.10-FF-000007	218	78	83.009	0.43	0.3	3.30.460.10	2.7.7.84
3.30.460.10-FF-000020	267	698	93.313	0.32	0.27	3.30.460.10	2.7.7.7
3.30.460.10-FF-000021	262	959	78.639	0.38	0.35	3.30.460.10	2.7.7.7
3.30.460.10-FF-000028	236	162	78.102	0.59	0.45	3.30.460.10	2.7.7.31
3.30.460.10-FF-000032	207	105	65.468	0.62	0.53	3.30.460.10	2.7.7.7
3.30.465.10-FF-000011	373	538	73.222	0.31	0.31	3.30.465.10	2.5.1.26
3.30.465.10-FF-000021	561	741	76.682	0.17	0.16	3.30.465.10	1.5.99.12
3.30.470.10-FF-000001	154	1028	89.804	0.61	0.55	3.30.470.10	2.6.1.42
3.30.470.10-FF-000007	114	207	83.869	0.78	0.65	3.30.470.10	4.1.3.38
3.30.470.110-FF-000001	248	758	87.849	0.81	0.76	3.30.470.110	2.3.3.8
3.30.470.20-FF-000003	236	228	77.889	0.78	0.76	3.30.470.20	2.7.4.24
3.30.420.10-FF-000052	306	2998	90.01	0.51	0.41	3.30.420.10	2.7.7.7
3.30.470.20-FF-000013	272	112	50.871	0.76	0.74	3.30.470.20	6.3.5.5
3.30.470.20-FF-000010	200	2826	87.49	0.42	0.39	3.30.470.20	6.3.2.3
3.30.470.20-FF-000074	224	224	67.545	0.43	0.36	3.30.470.20	6.3.2.4
3.30.470.30-FF-000003	214	654	94.106	0.7	0.62	3.30.470.30	6.5.1.1
3.30.470.30-FF-000008	218	1010	90.185	0.74	0.7	3.30.470.30	6.5.1.1
3.30.470.30-FF-000011	313	374	90.633	0.49	0.33	3.30.470.30	2.7.7.50
3.30.479.10-FF-000005	152	203	86.376	0.73	0.69	3.30.479.10	4.1.2.50
3.30.505.10-FF-000004	128	1050	68.657	0.68	0.67	3.30.505.10	2.7.10.2
3.30.505.10-FF-000007	179	1320	88.255	0.41	0.4	3.30.505.10	2.3.2.27
3.30.505.10-FF-000010	132	368	82.884	0.62	0.55	3.30.505.10	2.7.10.2
3.30.505.10-FF-000012	131	126	80.412	0.64	0.44	3.30.505.10	3.1.3.48
3.30.505.10-FF-000020	116	132	65.011	0.72	0.6	3.30.505.10	2.7.10.2
3.30.505.10-FF-000031	119	269	88.246	0.67	0.65	3.30.505.10	2.7.10.2
3.30.505.10-FF-000044	133	187	81.496	0.51	0.42	3.30.505.10	2.7.10.2
3.30.505.10-FF-000077	116	70	44.915	0.75	0.72	3.30.505.10	2.7.10.2
3.30.1360.10-FF-000001	316	11044	88.279	0.19	0.12	3.30.1360.10	2.7.7.6
3.30.540.10-FF-000016	311	139	71.037	0.52	0.45	3.30.540.10	3.1.3.7
3.30.540.10-FF-000019	228	245	92.16	0.56	0.38	3.30.540.10	3.1.3.11
3.30.460.10-FF-000002	698	4430	71.001	0.15	0.1	3.30.460.10	2.7.7.19
3.30.540.10-FF-000037	206	402	80.568	0.72	0.64	3.30.540.10	3.1.3.11
3.30.540.30-FF-000002	358	61	92.841	0.38	0.17	3.30.540.30	3.4.14.4
3.30.559.10-FF-000005	235	802	73.165	0.83	0.83	3.30.559.10	2.3.1.61
3.30.540.10-FF-000002	462	4676	90.112	0.27	0.18	3.30.540.10	3.1.3.11
3.30.56.10-FF-000003	82	648	95.201	0.68	0.59	3.30.56.10	6.1.1.20
3.30.56.10-FF-000007	94	108	35.467	0.88	0.87	3.30.56.10	6.1.1.20
3.30.56.10-FF-000011	80	98	85.029	0.62	0.36	3.30.56.10	6.1.1.20
3.30.565.10-FF-000008	165	701	87.462	0.78	0.73	3.30.565.10	2.7.13.3
3.30.565.10-FF-000011	160	67	88.352	0.66	0.47	3.30.565.10	2.7.13.3
3.30.565.10-FF-000016	193	110	97.379	0.43	0.22	3.30.565.10	2.7.13.3
3.30.565.10-FF-000042	199	34	91.911	0.43	0.19	3.30.565.10	2.7.13.3
3.30.572.10-FF-000001	384	2172	86.891	0.54	0.47	3.30.572.10	2.1.1.45
3.30.60.60-FF-000001	183	62	92.041	0.26	0.11	3.30.60.60	2.3.1.48
3.30.63.10-FF-000005	157	440	84.799	0.27	0.18	3.30.63.10	2.7.4.8
3.30.70.100-FF-000011	148	745	85.008	0.42	0.3	3.30.70.100	3.6.1.7
3.30.70.100-FF-000012	103	297	93.03	0.54	0.28	3.30.70.100	3.6.1.7
3.30.70.100-FF-000016	122	286	81.969	0.61	0.53	3.30.70.100	5.3.1.32
3.30.70.120-FF-000002	141	5393	92.649	0.3	0.16	3.30.70.120	2.4.2.17
3.30.70.120-FF-000006	112	134	97.422	0.59	0.35	3.30.70.120	3.5.4.16
3.30.70.1230-FF-000005	209	41	62.986	0.76	0.6	3.30.70.1230	4.6.1.2
3.30.70.1230-FF-000007	281	970	91.6	0.54	0.47	3.30.70.1230	4.6.1.2
3.30.70.1230-FF-000022	242	93	80.075	0.73	0.66	3.30.70.1230	4.6.1.1
3.30.70.141-FF-000001	174	4541	91.802	0.61	0.53	3.30.70.141	2.7.4.6
3.30.470.20-FF-000017	369	9118	85.158	0.28	0.22	3.30.470.20	2.7.9.2
3.30.70.141-FF-000005	176	289	81.819	0.73	0.72	3.30.70.141	2.7.4.6
3.30.70.141-FF-000017	246	603	77.048	0.34	0.28	3.30.70.141	2.7.4.6
3.30.70.2250-FF-000001	142	125	87.136	0.51	0.32	3.30.70.2250	2.7.7.7
3.30.70.250-FF-000002	80	169	84.13	0.59	0.42	3.30.70.250	2.3.1.39
3.30.70.260-FF-000004	172	2860	96.334	0.31	0.28	3.30.70.260	5.3.1.6
3.30.70.260-FF-000018	379	1554	82.546	0.13	0.09	3.30.70.260	5.3.1.6
3.30.70.260-FF-000041	107	528	88.203	0.64	0.51	3.30.70.260	3.1.3.3
3.30.70.260-FF-000043	90	649	89.769	0.71	0.68	3.30.70.260	3.1.3.3
3.30.70.260-FF-000053	222	67	64.416	0.25	0.18	3.30.70.260	5.3.1.6
3.30.70.270-FF-000002	486	2590	68.335	0.17	0.12	3.30.70.270	2.7.7.7
3.30.70.270-FF-000061	248	240	85.631	0.3	0.21	3.30.70.270	2.7.7.7
3.30.70.2820-FF-000001	234	57	98.547	0.36	0.19	3.30.70.2820	2.7.7.7
3.30.70.3000-FF-000001	372	375	90.326	0.39	0.29	3.30.70.3000	2.7.7.79
3.30.70.330-FF-000068	79	579	89.939	0.82	0.76	3.30.70.330	3.6.4.13
3.30.70.330-FF-000196	100	153	50.947	0.66	0.67	3.30.70.330	3.1.13.4
3.30.70.3550-FF-000001	98	199	91.475	0.43	0.33	3.30.70.3550	2.3.2.6
3.30.70.360-FF-000013	115	106	26.281	0.96	0.95	3.30.70.360	3.5.3.9
3.30.70.370-FF-000001	476	937	77.756	0.17	0.1	3.30.70.370	2.7.7.7
3.30.56.10-FF-000002	311	11067	83.878	0.13	0.06	3.30.56.10	6.1.1.20
3.30.70.380-FF-000002	139	1170	98.028	0.43	0.29	3.30.70.380	6.1.1.20
3.30.70.520-FF-000001	163	66	76.527	0.7	0.54	3.30.70.520	2.3.1.101
3.30.70.590-FF-000001	164	96	82.708	0.58	0.48	3.30.70.590	2.7.7.19
3.30.70.590-FF-000003	215	116	96.789	0.43	0.2	3.30.70.590	2.7.7.19
3.30.70.890-FF-000002	136	401	70.056	0.89	0.88	3.30.70.890	2.7.1.39
3.30.70.890-FF-000004	323	669	82.646	0.32	0.24	3.30.70.890	2.7.1.148
3.30.70.890-FF-000015	220	76	92.61	0.52	0.26	3.30.70.890	4.1.1.33
3.30.70.890-FF-000024	154	69	92.238	0.58	0.37	3.30.70.890	2.7.1.36
3.30.720.150-FF-000001	143	559	77.522	0.76	0.74	3.30.720.150	2.4.1.255
3.30.720.50-FF-000003	187	822	86.712	0.36	0.33	3.30.720.50	2.3.2.27
3.30.870.10-FF-000001	314	3790	90.632	0.39	0.29	3.30.870.10	2.7.4.1
3.30.870.10-FF-000007	248	516	76.208	0.66	0.64	3.30.870.10	2.7.4.1
3.30.920.10-FF-000002	149	580	94.859	0.57	0.48	3.30.920.10	1.16.3.1
3.30.920.10-FF-000004	134	123	90.726	0.59	0.46	3.30.920.10	1.16.3.1
3.30.70.141-FF-000003	479	8549	80.806	0.18	0.11	3.30.70.141	2.7.4.6
3.30.930.10-FF-000009	316	424	70.109	0.8	0.8	3.30.930.10	6.1.1.3
2.40.37.10-FF-000003	817	12397	85.502	0.12	0.07	2.40.37.10	4.1.1.20
3.30.930.10-FF-000012	343	2473	93.368	0.66	0.57	3.30.930.10	6.1.1.15
3.30.930.10-FF-000013	406	1248	86.888	0.59	0.52	3.30.930.10	6.1.1.12
3.20.20.140-FF-000007	730	12759	83.472	0.26	0.14	3.20.20.140	3.5.2.7
3.30.930.10-FF-000023	375	1157	85.109	0.55	0.48	3.30.930.10	6.1.1.15
3.30.930.10-FF-000039	498	990	88.962	0.39	0.27	3.30.930.10	6.1.1.3
3.30.930.10-FF-000041	393	529	88.038	0.55	0.45	3.30.930.10	6.1.1.20
3.30.930.10-FF-000042	499	2424	91.566	0.4	0.28	3.30.930.10	6.1.1.15
3.30.930.10-FF-000047	338	38	85.791	0.65	0.46	3.30.930.10	6.1.1.11
3.30.930.10-FF-000056	400	748	93.033	0.43	0.31	3.30.930.10	6.1.1.7
3.30.980.10-FF-000001	389	1196	86.625	0.29	0.18	3.30.980.10	6.1.1.3
3.30.980.10-FF-000002	223	278	86.405	0.4	0.23	3.30.980.10	6.1.1.7
3.30.980.50-FF-000001	119	482	96.207	0.71	0.57	3.30.980.50	3.4.24.3
3.30.930.10-FF-000011	921	7173	79.809	0.19	0.14	3.30.930.10	6.1.1.7
3.40.1030.10-FF-000010	312	41	95.04	0.48	0.15	3.40.1030.10	2.4.2.18
3.40.1010.10-FF-000002	193	6467	86.281	0.41	0.28	3.40.1010.10	2.1.1.198
3.40.1050.10-FF-000003	537	1528	73.26	0.21	0.15	3.40.1050.10	4.2.1.1
3.40.1050.10-FF-000006	349	1206	91.112	0.37	0.22	3.40.1050.10	4.2.1.1
3.40.1080.10-FF-000002	274	286	91.213	0.66	0.59	3.40.1080.10	2.8.3.5
3.40.109.10-FF-000002	220	118	71.825	0.84	0.8	3.40.109.10	1.5.1.34
3.40.109.10-FF-000004	261	458	83.699	0.58	0.54	3.40.109.10	1.21.1.1
3.40.1160.10-FF-000003	277	352	88.096	0.72	0.65	3.40.1160.10	2.7.2.11
3.40.1160.10-FF-000007	327	69	94.926	0.59	0.31	3.40.1160.10	2.7.2.2
3.40.1160.10-FF-000008	261	608	88.296	0.84	0.81	3.40.1160.10	2.7.2.8
3.40.1160.10-FF-000012	307	68	72.339	0.76	0.62	3.40.1160.10	2.7.2.4
3.40.1160.10-FF-000019	252	176	58.855	0.85	0.85	3.40.1160.10	2.7.4.22
2.170.120.12-FF-000001	554	17092	86.306	0.13	0.07	2.170.120.12	2.7.7.6
3.40.1170.60-FF-000003	189	411	99.58	0.23	0.13	3.40.1170.60	2.7.7.7
3.40.1190.10-FF-000001	298	3236	89.498	0.54	0.47	3.40.1190.10	6.3.2.8
3.40.1190.10-FF-000006	274	919	85.413	0.74	0.68	3.40.1190.10	6.3.2.13
3.40.1190.20-FF-000007	342	245	86.168	0.73	0.63	3.40.1190.20	2.7.1.35
3.40.1190.20-FF-000009	297	81	50.619	0.78	0.72	3.40.1190.20	2.7.1.35
3.40.1190.20-FF-000012	352	593	95.54	0.59	0.44	3.40.1190.20	2.7.1.15
3.40.1190.20-FF-000022	332	66	58.127	0.78	0.7	3.40.1190.20	2.7.1.15
3.40.1190.20-FF-000035	292	104	62.473	0.86	0.83	3.40.1190.20	2.7.1.35
3.40.1190.20-FF-000175	297	302	74.217	0.73	0.71	3.40.1190.20	2.7.1.20
3.40.120.10-FF-000008	243	227	84.143	0.56	0.42	3.40.120.10	5.4.2.2
3.40.1280.10-FF-000007	216	1592	91.164	0.61	0.56	3.40.1280.10	2.1.1.193
3.40.1280.10-FF-000009	195	467	74.822	0.72	0.69	3.40.1280.10	2.1.1.34
3.40.1280.10-FF-000023	329	2131	85.777	0.36	0.25	3.40.1280.10	2.1.1.193
3.40.1280.10-FF-000024	268	325	67.475	0.49	0.38	3.40.1280.10	2.1.1.193
3.40.1280.10-FF-000041	212	48	76.086	0.71	0.55	3.40.1280.10	2.1.1.257
3.40.1360.10-FF-000007	134	97	53.979	0.86	0.88	3.40.1360.10	2.7.7.101
3.40.1380.20-FF-000003	138	561	79.229	0.75	0.72	3.40.1380.20	2.7.1.40
3.40.1380.20-FF-000007	156	554	90.787	0.64	0.54	3.40.1380.20	2.7.1.40
3.40.1390.10-FF-000004	122	115	45.941	0.63	0.64	3.40.1390.10	6.3.2.10
3.40.1390.30-FF-000006	127	61	71.953	0.8	0.75	3.40.1390.30	3.5.4.16
3.40.1400.10-FF-000001	176	99	89.165	0.63	0.48	3.40.1400.10	5.3.1.6
3.40.140.10-FF-000006	206	563	90.946	0.36	0.23	3.40.140.10	3.5.4.5
3.40.140.10-FF-000007	322	1440	85.464	0.33	0.25	3.40.140.10	3.5.4.5
3.40.140.10-FF-000036	204	193	77.32	0.62	0.56	3.40.140.10	3.5.4.33
3.40.140.10-FF-000038	182	207	93.396	0.58	0.49	3.40.140.10	3.5.4.33
1.10.300.10-FF-000001	1024	14158	79.846	0.05	0.02	1.10.300.10	6.3.4.4
3.40.1500.10-FF-000002	393	144	86.11	0.54	0.41	3.40.1500.10	1.3.3.3
3.40.1650.10-FF-000003	121	113	68.828	0.82	0.69	3.40.1650.10	5.4.99.62
3.40.1650.10-FF-000004	130	379	96.656	0.63	0.41	3.40.1650.10	5.4.99.62
3.40.1050.10-FF-000001	587	5470	86.523	0.21	0.15	3.40.1050.10	4.2.1.1
3.40.1490.10-FF-000001	340	3468	89.569	0.21	0.12	3.40.1490.10	3.1.1.29
3.40.1700.10-FF-000003	132	93	47.676	0.9	0.91	3.40.1700.10	2.7.7.85
3.40.1790.10-FF-000001	309	150	79.574	0.79	0.7	3.40.1790.10	4.2.1.70
3.40.1850.10-FF-000001	195	430	49.395	0.7	0.67	3.40.1850.10	2.3.2.26
3.40.1670.10-FF-000001	221	4302	85.969	0.47	0.44	3.40.1670.10	4.1.1.98
3.40.190.10-FF-000023	150	770	92.131	0.71	0.63	3.40.190.10	2.4.2.17
3.40.190.10-FF-000082	354	1640	69.375	0.19	0.08	3.40.190.10	2.4.2.17
3.40.190.10-FF-000101	103	193	71.06	0.71	0.69	3.40.190.10	2.5.1.61
3.40.190.10-FF-000115	197	954	82.617	0.47	0.38	3.40.190.10	2.4.2.17
3.40.190.10-FF-000136	99	527	80.727	0.72	0.69	3.40.190.10	2.4.2.17
3.40.190.80-FF-000004	186	621	70.653	0.5	0.47	3.40.190.80	3.1.3.25
3.40.190.80-FF-000022	176	432	67.241	0.52	0.47	3.40.190.80	3.1.3.25
3.40.225.10-FF-000005	257	507	91.694	0.58	0.38	3.40.225.10	4.1.2.17
3.40.250.10-FF-000004	268	1082	84.053	0.45	0.35	3.40.250.10	3.1.3.48
3.40.250.10-FF-000006	207	337	75.289	0.71	0.72	3.40.250.10	3.1.3.48
3.40.250.10-FF-000007	109	84	72.772	0.8	0.8	3.40.250.10	2.8.1.1
3.40.30.10-FF-000016	234	1697	75.644	0.23	0.16	3.40.30.10	2.5.1.18
3.40.30.10-FF-000030	148	772	90.288	0.61	0.55	3.40.30.10	5.3.4.1
3.40.30.10-FF-000045	154	870	87.092	0.59	0.55	3.40.30.10	5.3.4.1
3.40.30.10-FF-000050	128	690	92.369	0.74	0.68	3.40.30.10	5.3.4.1
3.40.30.10-FF-000067	128	377	85.263	0.71	0.7	3.40.30.10	5.3.4.1
3.40.30.10-FF-000071	173	384	63.528	0.42	0.38	3.40.30.10	2.5.1.18
3.40.30.10-FF-000073	187	626	94.377	0.41	0.27	3.40.30.10	1.8.3.2
3.40.30.10-FF-000076	176	370	72.476	0.53	0.51	3.40.30.10	5.3.4.1
3.40.30.10-FF-000080	193	809	89.466	0.36	0.26	3.40.30.10	1.8.3.2
3.40.30.10-FF-000083	158	142	75.63	0.77	0.75	3.40.30.10	5.3.4.1
3.40.30.10-FF-000084	118	548	86.604	0.8	0.75	3.40.30.10	5.3.4.1
3.40.30.10-FF-000086	115	399	92.556	0.55	0.48	3.40.30.10	2.5.1.18
3.40.30.10-FF-000099	157	197	62.37	0.77	0.76	3.40.30.10	1.8.4.2
3.40.30.10-FF-000110	129	488	87.834	0.65	0.62	3.40.30.10	5.3.4.1
3.40.30.10-FF-000114	154	128	92.264	0.56	0.44	3.40.30.10	5.3.99.3
3.40.30.10-FF-000116	138	130	81.169	0.65	0.51	3.40.30.10	1.8.1.8
3.40.30.10-FF-000126	147	348	89.478	0.55	0.44	3.40.30.10	5.3.4.1
3.40.30.10-FF-000139	144	682	98.415	0.52	0.35	3.40.30.10	5.3.4.1
3.40.30.10-FF-000146	117	76	77.89	0.77	0.74	3.40.30.10	5.3.4.1
3.40.30.10-FF-000147	120	310	86.957	0.73	0.67	3.40.30.10	5.3.4.1
3.40.30.10-FF-000154	170	268	85.37	0.52	0.46	3.40.30.10	5.3.4.1
3.40.30.10-FF-000168	108	51	89.37	0.53	0.4	3.40.30.10	2.5.1.18
3.40.30.10-FF-000331	119	135	92.474	0.58	0.39	3.40.30.10	2.5.1.18
3.40.30.160-FF-000001	274	371	60.075	0.44	0.43	3.40.30.160	3.4.24.3
3.40.350.10-FF-000012	175	250	40.407	0.94	0.94	3.40.350.10	3.4.11.9
3.40.366.10-FF-000022	222	37	78.471	0.73	0.56	3.40.366.10	2.3.1.39
3.40.367.20-FF-000002	265	1227	89.733	0.52	0.38	3.40.367.20	2.7.1.2
3.40.390.10-FF-000023	181	77	45.486	0.86	0.88	3.40.390.10	3.4.24.80
3.40.420.10-FF-000001	323	169	82.945	0.35	0.18	3.40.420.10	3.2.2.22
3.40.430.10-FF-000002	297	735	87.896	0.38	0.23	3.40.430.10	1.5.1.3
3.40.430.10-FF-000004	178	158	47.988	0.88	0.89	3.40.430.10	1.5.1.3
3.40.430.10-FF-000009	187	514	93.762	0.63	0.48	3.40.430.10	1.5.1.3
3.40.1700.10-FF-000002	389	5423	88.159	0.25	0.15	3.40.1700.10	2.7.7.85
3.40.440.10-FF-000002	470	1007	84.912	0.26	0.2	3.40.440.10	6.3.4.4
3.30.70.380-FF-000001	277	17914	82.021	0.19	0.08	3.30.70.380	6.1.1.20
3.40.462.10-FF-000001	345	689	91.087	0.48	0.32	3.40.462.10	1.5.99.12
3.40.470.10-FF-000006	447	3342	90.167	0.37	0.32	3.40.470.10	3.2.2.27
3.40.47.10-FF-000043	284	102	74.397	0.62	0.49	3.40.47.10	2.3.3.10
3.40.47.10-FF-000045	166	176	76.337	0.73	0.65	3.40.47.10	2.3.3.10
3.40.50.1000-FF-000005	194	200	73.673	0.71	0.65	3.40.50.1000	7.2.2.10
3.40.50.1000-FF-000041	238	837	87.015	0.71	0.54	3.40.50.1000	3.1.3.3
3.40.50.1000-FF-000046	187	199	85.262	0.54	0.4	3.40.50.1000	5.4.2.8
3.40.50.1000-FF-000050	274	215	79.095	0.66	0.62	3.40.50.1000	3.1.3.16
3.40.50.1000-FF-000066	264	601	85.727	0.35	0.26	3.40.50.1000	5.4.2.8
3.40.50.1000-FF-000072	197	661	94.53	0.66	0.51	3.40.50.1000	3.11.1.1
3.40.50.1000-FF-000082	173	314	96.617	0.68	0.53	3.40.50.1000	2.7.7.43
3.40.50.1000-FF-000102	170	190	85.144	0.71	0.62	3.40.50.1000	3.1.3.77
3.40.50.1000-FF-000216	174	275	93.171	0.54	0.45	3.40.50.1000	5.4.2.8
3.40.50.10090-FF-000003	232	847	91.988	0.34	0.17	3.40.50.10090	4.2.1.75
3.40.50.10090-FF-000006	145	551	95.888	0.6	0.41	3.40.50.10090	4.2.1.75
3.40.50.10110-FF-000001	155	170	77.022	0.79	0.75	3.40.50.10110	2.7.7.7
3.40.50.10260-FF-000002	284	284	87.931	0.62	0.54	3.40.50.10260	5.1.99.6
3.40.50.10260-FF-000005	427	506	84.208	0.37	0.28	3.40.50.10260	5.1.99.6
3.40.50.10330-FF-000004	168	318	82.786	0.61	0.5	3.40.50.10330	2.7.1.23
3.40.50.10420-FF-000002	208	86	71.093	0.85	0.86	3.40.50.10420	6.3.3.2
3.40.50.10470-FF-000010	294	265	86.489	0.52	0.39	3.40.50.10470	5.3.1.23
3.40.50.10490-FF-000013	198	459	72.516	0.88	0.87	3.40.50.10490	5.3.1.28
3.40.50.10490-FF-000015	468	4579	88.221	0.32	0.22	3.40.50.10490	5.3.1.9
3.30.930.10-FF-000022	807	10637	91.083	0.14	0.06	3.30.930.10	6.1.1.20
3.30.56.10-FF-000001	443	18859	85.829	0.09	0.05	3.30.56.10	6.1.1.20
3.40.50.10490-FF-000039	395	184	86.01	0.48	0.45	3.40.50.10490	5.3.1.9
3.40.50.1070-FF-000001	210	1207	88.871	0.66	0.6	3.40.50.1070	5.3.1.25
3.40.50.10930-FF-000001	245	170	71.612	0.51	0.49	3.40.50.10930	3.1.11.5
2.40.50.140-FF-000045	640	18177	89.756	0.11	0.06	2.40.50.140	6.1.1.20
3.40.449.10-FF-000001	904	5757	76.347	0.13	0.08	3.40.449.10	4.1.1.49
3.40.50.1100-FF-000024	297	42	85.356	0.39	0.3	3.40.50.1100	4.2.3.1
3.40.50.1100-FF-000019	251	692	86.473	0.73	0.7	3.40.50.1100	4.4.1.15
3.40.50.1100-FF-000030	389	130	69.069	0.49	0.44	3.40.50.1100	4.2.3.1
3.40.50.1100-FF-000031	329	583	85.983	0.5	0.43	3.40.50.1100	4.3.1.17
3.40.50.1100-FF-000033	285	164	84.457	0.75	0.7	3.40.50.1100	4.3.1.15
3.40.50.1100-FF-000035	104	258	91.266	0.69	0.58	3.40.50.1100	4.3.1.17
3.40.50.1100-FF-000046	336	59	82.993	0.54	0.41	3.40.50.1100	4.2.3.1
3.40.50.1100-FF-000048	114	958	84.311	0.78	0.68	3.40.50.1100	3.5.99.7
3.40.50.11030-FF-000001	141	127	62.311	0.6	0.62	3.40.50.11030	2.7.7.87
3.40.50.1110-FF-000018	238	35	73.548	0.81	0.72	3.40.50.1110	3.1.1.3
3.40.50.11340-FF-000001	272	487	80.514	0.52	0.48	3.40.50.11340	2.4.1.221
3.40.50.11340-FF-000002	245	595	89.555	0.66	0.61	3.40.50.11340	2.4.1.221
3.40.50.11350-FF-000004	221	574	91.678	0.59	0.53	3.40.50.11350	2.4.1.221
3.40.50.11380-FF-000001	394	1298	74.232	0.34	0.29	3.40.50.11380	2.4.1.255
3.40.50.11610-FF-000001	248	1724	77.491	0.42	0.37	3.40.50.11610	1.2.4.2
3.40.50.11840-FF-000003	138	299	93.168	0.41	0.18	3.40.50.11840	2.5.1.108
3.40.50.11860-FF-000003	112	266	86.826	0.76	0.71	3.40.50.11860	2.5.1.108
3.40.50.11950-FF-000001	173	1017	86.154	0.45	0.41	3.40.50.11950	2.7.4.24
3.40.50.11980-FF-000002	192	96	90.081	0.68	0.56	3.40.50.11980	3.1.26.5
3.40.50.1220-FF-000028	179	242	89.671	0.69	0.56	3.40.50.1220	2.2.1.6
3.40.50.1220-FF-000041	212	103	57.333	0.71	0.65	3.40.50.1220	2.3.1.286
3.40.190.10-FF-000011	572	8163	86.977	0.13	0.07	3.40.190.10	2.4.2.17
3.40.50.10490-FF-000022	371	4467	82.002	0.27	0.17	3.40.50.10490	2.6.1.16
3.40.50.12550-FF-000001	272	54	85.148	0.46	0.26	3.40.50.12550	6.2.1.45
3.40.50.12470-FF-000002	302	856	92.191	0.64	0.55	3.40.50.12470	1.2.4.2
3.40.50.1100-FF-000029	332	3390	88.024	0.39	0.34	3.40.50.1100	2.5.1.47
3.40.50.1260-FF-000005	338	133	80.896	0.3	0.16	3.40.50.1260	2.7.2.3
3.40.50.12350-FF-000001	375	1967	88.501	0.62	0.59	3.40.50.12350	3.1.3.48
3.40.50.1260-FF-000011	219	563	89.902	0.59	0.42	3.40.50.1260	2.7.2.3
3.40.50.1260-FF-000012	336	884	88.957	0.36	0.16	3.40.50.1260	2.7.2.3
3.40.50.1260-FF-000019	232	664	92.866	0.66	0.6	3.40.50.1260	2.7.2.3
3.40.50.1260-FF-000008	321	1493	83.34	0.41	0.36	3.40.50.1260	2.7.2.3
3.40.50.1360-FF-000002	447	2283	80.951	0.45	0.36	3.40.50.1360	3.5.99.6
3.40.50.1100-FF-000013	581	4970	60.372	0.12	0.09	3.40.50.1100	4.2.3.1
3.40.50.1370-FF-000004	207	808	94.159	0.61	0.47	3.40.50.1370	2.1.3.3
3.40.50.1370-FF-000021	193	156	79.007	0.6	0.45	3.40.50.1370	2.1.3.2
3.40.50.1380-FF-000002	168	482	85.342	0.65	0.58	3.40.50.1380	4.2.3.3
3.40.50.1380-FF-000006	172	742	93.811	0.58	0.51	3.40.50.1380	4.2.3.3
3.40.50.1460-FF-000006	440	633	90.988	0.48	0.42	3.40.50.1460	3.4.22.34
3.40.50.1360-FF-000005	763	1745	79.708	0.17	0.08	3.40.50.1360	3.1.1.31
3.40.50.1260-FF-000001	618	4074	83.061	0.21	0.13	3.40.50.1260	2.7.2.3
3.40.50.1360-FF-000003	591	3996	82.816	0.26	0.13	3.40.50.1360	3.5.99.6
3.40.50.150-FF-000024	303	954	83.44	0.52	0.44	3.40.50.150	2.1.1.33
3.40.50.150-FF-000026	260	649	84.216	0.77	0.73	3.40.50.150	2.5.1.16
3.40.50.150-FF-000031	188	292	79.076	0.67	0.56	3.40.50.150	2.1.1.319
3.40.50.150-FF-000032	271	1138	88.28	0.59	0.49	3.40.50.150	2.1.1.170
3.40.50.150-FF-000036	310	50	63.136	0.67	0.63	3.40.50.150	2.1.1.37
3.40.50.150-FF-000037	338	1229	95.255	0.61	0.48	3.40.50.150	2.1.1.266
3.40.50.150-FF-000054	342	648	88.557	0.42	0.35	3.40.50.150	2.1.1.6
3.40.50.150-FF-000056	242	789	91.854	0.73	0.67	3.40.50.150	2.5.1.16
3.40.50.150-FF-000060	640	1045	76.991	0.22	0.18	3.40.50.150	2.1.1.33
3.40.50.150-FF-000070	273	450	66.465	0.36	0.27	3.40.50.150	2.1.1.321
3.40.50.150-FF-000072	210	234	44.873	0.86	0.87	3.40.50.150	2.1.1.242
3.40.50.150-FF-000092	424	450	93.957	0.44	0.26	3.40.50.150	2.1.1.233
3.40.50.150-FF-000093	375	145	90.675	0.54	0.45	3.40.50.150	2.1.1.56
3.40.50.150-FF-000096	245	196	76.877	0.73	0.66	3.40.50.150	2.1.1.2
3.40.50.10490-FF-000016	619	6398	81.221	0.19	0.11	3.40.50.10490	5.3.1.9
3.40.50.150-FF-000115	325	136	91.864	0.65	0.51	3.40.50.150	2.1.1.79
3.40.50.150-FF-000124	349	591	90.575	0.46	0.34	3.40.50.150	2.1.1.386
3.40.50.150-FF-000133	279	139	80.103	0.69	0.55	3.40.50.150	2.1.1.201
3.40.50.150-FF-000140	293	261	88.765	0.6	0.54	3.40.50.150	2.1.1.60
3.40.50.150-FF-000157	249	476	86.413	0.6	0.54	3.40.50.150	2.1.1.182
3.40.50.150-FF-000181	227	161	83.125	0.66	0.6	3.40.50.150	2.1.1.220
3.40.50.150-FF-000190	234	110	79.456	0.72	0.48	3.40.50.150	2.5.1.16
3.40.50.150-FF-000431	247	64	67.271	0.56	0.49	3.40.50.150	2.5.1.114
3.40.50.1580-FF-000003	270	756	69.052	0.82	0.8	3.40.50.1580	2.4.2.3
3.40.50.150-FF-000012	579	4136	86.979	0.26	0.19	3.40.50.150	2.1.1.35
3.40.50.1580-FF-000007	303	682	81.873	0.76	0.75	3.40.50.1580	2.4.2.1
3.40.50.1580-FF-000011	277	106	39.22	0.93	0.91	3.40.50.1580	2.4.2.1
3.40.50.1700-FF-000004	303	731	87.376	0.57	0.49	3.40.50.1700	3.2.1.21
3.40.50.170-FF-000002	259	825	86.205	0.63	0.59	3.40.50.170	1.5.1.6
3.40.50.170-FF-000005	230	545	87.244	0.72	0.62	3.40.50.170	2.1.2.2
3.40.50.1760-FF-000001	456	82	92.196	0.21	0.09	3.40.50.1760	6.3.2.3
3.40.50.1760-FF-000003	353	42	69.946	0.33	0.24	3.40.50.1760	6.3.2.3
3.40.50.1820-FF-000085	289	55	21.489	0.96	0.96	3.40.50.1820	3.7.1.14
3.40.50.1820-FF-000139	261	308	88.453	0.72	0.68	3.40.50.1820	3.1.2.22
3.40.50.1970-FF-000030	163	147	20.075	0.98	0.99	3.40.50.1970	4.2.3.4
3.40.50.1980-FF-000004	241	431	77.336	0.72	0.68	3.40.50.1980	1.1.1.23
3.40.50.1980-FF-000011	203	198	86.892	0.59	0.55	3.40.50.1980	1.1.1.23
3.40.50.150-FF-000005	394	4730	87.755	0.32	0.22	3.40.50.150	2.1.1.166
3.40.50.1580-FF-000004	668	1876	82.34	0.28	0.2	3.40.50.1580	2.4.2.1
3.40.50.2000-FF-000004	402	1085	87.189	0.6	0.53	3.40.50.2000	2.4.1.13
3.40.50.150-FF-000101	976	2829	78.096	0.11	0.05	3.40.50.150	2.1.1.67
3.40.50.2000-FF-000012	376	1046	93.119	0.38	0.35	3.40.50.2000	2.4.1.255
3.40.50.2000-FF-000006	251	1684	93.699	0.7	0.6	3.40.50.2000	2.4.1.13
3.40.50.2000-FF-000025	239	40	74.664	0.64	0.53	3.40.50.2000	2.4.1.21
3.40.50.2000-FF-000016	207	974	81.632	0.72	0.66	3.40.50.2000	2.4.1.227
3.40.50.2000-FF-000043	336	1499	85.702	0.43	0.35	3.40.50.2000	5.1.3.14
3.40.50.2000-FF-000045	407	729	84.822	0.53	0.49	3.40.50.2000	2.4.1.11
3.40.50.2000-FF-000048	310	35	82.374	0.62	0.42	3.40.50.2000	2.4.1.21
3.40.50.2000-FF-000068	199	116	57.9	0.76	0.74	3.40.50.2000	5.1.3.14
3.40.50.2000-FF-000024	237	1616	95.721	0.66	0.5	3.40.50.2000	2.4.1.15
3.40.50.2000-FF-000177	325	60	83.584	0.51	0.39	3.40.50.2000	2.4.1.11
3.40.50.2000-FF-000149	540	453	88.598	0.53	0.41	3.40.50.2000	2.4.1.1
3.40.50.2000-FF-000807	550	147	68.685	0.27	0.22	3.40.50.2000	2.4.1.1
3.40.50.200-FF-000003	368	165	86.624	0.6	0.53	3.40.50.200	3.4.14.10
3.40.50.2020-FF-000009	152	279	73.559	0.85	0.87	3.40.50.2020	2.4.2.22
3.40.50.2020-FF-000013	247	1429	92.294	0.56	0.5	3.40.50.2020	2.4.2.14
3.40.50.2020-FF-000019	236	292	88.297	0.8	0.82	3.40.50.2020	2.4.2.8
3.40.50.2000-FF-000041	382	2271	85.611	0.52	0.46	3.40.50.2000	2.4.1.11
3.40.50.2020-FF-000027	218	340	73.624	0.72	0.63	3.40.50.2020	2.4.2.22
3.40.50.1260-FF-000002	520	6893	87.549	0.25	0.2	3.40.50.1260	2.7.2.3
3.40.50.2020-FF-000038	225	32	65.743	0.78	0.7	3.40.50.2020	2.4.2.8
3.40.50.2020-FF-000053	232	101	95.816	0.58	0.38	3.40.50.2020	2.4.2.8
3.40.50.2020-FF-000074	172	224	92.776	0.5	0.29	3.40.50.2020	2.7.6.1
3.40.50.2020-FF-000005	322	2330	85.694	0.32	0.23	3.40.50.2020	2.7.6.1
3.40.50.2020-FF-000029	407	2102	91.269	0.27	0.14	3.40.50.2020	2.4.2.10
3.40.50.20-FF-000015	143	488	77.292	0.78	0.73	3.40.50.20	6.3.2.4
3.40.50.20-FF-000031	96	181	78.984	0.72	0.7	3.40.50.20	6.3.2.4
3.40.50.2300-FF-000066	197	241	82.086	0.51	0.44	3.40.50.2300	3.1.3.16
3.40.50.2300-FF-000187	140	93	11.518	0.96	0.96	3.40.50.2300	4.1.1.19
3.40.50.261-FF-000002	299	170	69.15	0.47	0.41	3.40.50.261	6.2.1.5
3.40.50.2000-FF-000005	717	2646	71.105	0.26	0.18	3.40.50.2000	2.4.1.1
3.40.50.300-FF-000099	195	892	93.777	0.69	0.64	3.40.50.300	2.7.1.71
3.40.50.300-FF-000114	186	349	60.025	0.81	0.79	3.40.50.300	3.6.4.13
3.40.50.300-FF-000160	336	312	76.288	0.62	0.55	3.40.50.300	3.6.4.13
3.40.50.300-FF-000166	220	438	91.77	0.52	0.35	3.40.50.300	3.6.4.6
3.40.50.300-FF-000176	349	1193	83.034	0.68	0.62	3.40.50.300	2.8.2.8
3.40.50.300-FF-000182	208	573	87.968	0.72	0.71	3.40.50.300	3.6.5.2
3.40.50.300-FF-000189	185	274	70.21	0.79	0.75	3.40.50.300	3.6.5.2
3.40.50.300-FF-000242	329	317	87.329	0.73	0.59	3.40.50.300	2.7.1.33
3.40.50.300-FF-000290	368	666	90.193	0.66	0.6	3.40.50.300	2.8.2.20
3.40.50.300-FF-000297	314	1052	87.264	0.54	0.48	3.40.50.300	2.7.1.48
3.40.50.300-FF-000322	288	299	76.817	0.79	0.73	3.40.50.300	3.6.4.13
3.40.50.300-FF-000340	272	397	89.886	0.5	0.36	3.40.50.300	3.6.4.12
3.40.50.300-FF-000084	885	2333	84.499	0.08	0.04	3.40.50.300	2.7.4.8
3.40.50.300-FF-000357	254	61	53.711	0.84	0.83	3.40.50.300	3.6.4.13
3.40.50.300-FF-000384	277	953	78.702	0.36	0.29	3.40.50.300	2.7.1.21
3.40.50.300-FF-000351	520	1902	91.419	0.34	0.23	3.40.50.300	3.6.4.12
3.40.50.300-FF-000406	173	145	79.352	0.68	0.58	3.40.50.300	2.3.1.234
3.40.50.300-FF-000446	163	656	87.794	0.76	0.69	3.40.50.300	3.6.4.13
3.40.50.300-FF-000454	240	213	79.668	0.7	0.72	3.40.50.300	2.7.1.78
3.40.50.300-FF-000460	248	374	84.997	0.7	0.67	3.40.50.300	3.6.4.13
3.40.50.300-FF-000483	237	38	87.805	0.67	0.53	3.40.50.300	2.7.13.3
3.40.50.20-FF-000013	252	4073	83.879	0.25	0.18	3.40.50.20	6.3.2.4
3.40.50.300-FF-000531	222	110	89.927	0.56	0.44	3.40.50.300	7.4.2.8
3.40.50.300-FF-000537	255	374	91.033	0.65	0.52	3.40.50.300	3.6.4.12
3.40.50.300-FF-000614	253	245	84.497	0.7	0.61	3.40.50.300	3.6.4.12
3.40.50.300-FF-000657	305	281	94.717	0.63	0.52	3.40.50.300	3.6.4.13
3.40.50.20-FF-000009	352	4704	85.309	0.22	0.16	3.40.50.20	6.3.2.3
3.40.50.300-FF-000736	181	330	78.917	0.77	0.68	3.40.50.300	3.6.4.13
3.40.50.300-FF-000761	196	372	79.857	0.57	0.53	3.40.50.300	2.7.1.21
3.40.50.300-FF-000822	256	154	85.145	0.65	0.54	3.40.50.300	2.7.1.71
3.40.50.300-FF-000849	284	226	93.769	0.5	0.32	3.40.50.300	3.6.4.13
3.40.50.300-FF-000397	411	1618	93.655	0.43	0.31	3.40.50.300	3.6.4.13
3.40.50.300-FF-000874	252	81	57.061	0.79	0.76	3.40.50.300	3.6.4.13
3.40.50.300-FF-000890	181	669	87.469	0.73	0.68	3.40.50.300	2.7.7.7
3.40.50.300-FF-000893	289	487	76.86	0.63	0.54	3.40.50.300	3.6.4.13
3.40.50.300-FF-000906	257	40	64.579	0.8	0.72	3.40.50.300	3.6.4.13
3.40.50.300-FF-000912	308	164	80.208	0.53	0.42	3.40.50.300	3.1.11.5
3.40.50.300-FF-000948	250	469	93.051	0.34	0.21	3.40.50.300	2.7.1.21
3.40.50.300-FF-001026	240	199	91.732	0.51	0.33	3.40.50.300	2.7.4.2
3.40.50.300-FF-001153	287	115	54.073	0.72	0.71	3.40.50.300	3.1.11.5
3.40.50.300-FF-001270	235	170	90.366	0.35	0.17	3.40.50.300	2.7.1.21
3.40.50.300-FF-001291	283	189	87.185	0.62	0.55	3.40.50.300	3.6.4.13
3.40.50.300-FF-001355	337	104	93.945	0.55	0.33	3.40.50.300	2.5.1.75
3.40.50.300-FF-000855	274	1274	95.447	0.39	0.2	3.40.50.300	2.7.4.8
3.40.50.300-FF-001487	174	258	55.622	0.9	0.91	3.40.50.300	2.7.1.71
3.40.50.300-FF-001694	256	133	85.744	0.63	0.58	3.40.50.300	2.7.4.3
3.40.50.300-FF-001813	302	137	96.547	0.51	0.29	3.40.50.300	3.6.4.12
3.40.50.300-FF-002079	247	130	81.625	0.74	0.67	3.40.50.300	6.3.3.3
3.40.50.300-FF-003306	224	196	41.665	0.94	0.95	3.40.50.300	6.3.3.3
3.40.50.360-FF-000004	217	246	65.252	0.85	0.85	3.40.50.360	1.6.5.2
3.40.50.360-FF-000008	184	50	32.479	0.9	0.89	3.40.50.360	1.6.5.2
3.40.50.300-FF-000487	443	1550	90.346	0.49	0.38	3.40.50.300	6.3.4.3
3.40.50.360-FF-000028	188	58	39.022	0.9	0.91	3.40.50.360	1.5.1.38
3.40.50.360-FF-000036	214	585	95.087	0.52	0.32	3.40.50.360	1.6.2.4
3.40.50.360-FF-000009	192	824	81.976	0.77	0.79	3.40.50.360	1.6.2.4
3.40.50.40-FF-000002	128	509	92.411	0.71	0.59	3.40.50.40	3.5.1.1
3.40.50.450-FF-000010	272	876	94.349	0.61	0.51	3.40.50.450	2.7.1.11
3.40.50.450-FF-000012	211	545	94.678	0.62	0.42	3.40.50.450	3.2.2.n1
3.40.50.450-FF-000014	377	669	87.163	0.4	0.28	3.40.50.450	2.7.1.11
3.40.50.450-FF-000025	264	235	93.176	0.61	0.47	3.40.50.450	2.7.1.11
3.40.50.450-FF-000043	250	55	73.045	0.72	0.64	3.40.50.450	2.7.1.11
3.40.50.300-FF-000679	782	1713	76.132	0.16	0.1	3.40.50.300	2.7.4.9
3.40.50.460-FF-000001	177	1952	85.987	0.6	0.55	3.40.50.460	2.7.1.11
3.40.50.300-FF-001379	357	1643	85.543	0.63	0.58	3.40.50.300	1.18.6.1
3.40.50.460-FF-000007	281	1253	72.119	0.33	0.25	3.40.50.460	2.7.1.11
3.40.50.620-FF-000003	438	120	91.866	0.44	0.3	3.40.50.620	6.1.1.4
3.40.50.620-FF-000005	167	71	45.794	0.81	0.77	3.40.50.620	6.3.4.5
3.40.50.620-FF-000007	329	69	85.487	0.58	0.51	3.40.50.620	6.1.1.17
3.40.50.450-FF-000004	361	2166	91.747	0.4	0.27	3.40.50.450	2.7.1.11
3.40.50.620-FF-000016	231	259	51.192	0.6	0.58	3.40.50.620	2.7.7.15
3.40.50.620-FF-000017	248	545	87.48	0.74	0.64	3.40.50.620	6.3.4.20
3.40.50.460-FF-000008	198	1561	96.074	0.42	0.26	3.40.50.460	2.7.1.11
3.40.50.460-FF-000003	171	2161	88.806	0.6	0.53	3.40.50.460	2.7.1.11
3.40.50.620-FF-000012	207	1465	91.238	0.54	0.39	3.40.50.620	2.7.7.3
3.40.50.620-FF-000031	615	835	77.86	0.36	0.33	3.40.50.620	6.3.5.4
3.40.50.620-FF-000024	328	2724	88.979	0.49	0.4	3.40.50.620	6.1.1.2
3.40.50.150-FF-000002	655	7224	82.852	0.19	0.11	3.40.50.150	2.1.1.199
3.40.50.620-FF-000058	382	78	78.895	0.49	0.32	3.40.50.620	6.1.1.19
3.40.50.620-FF-000063	583	289	85.484	0.32	0.18	3.40.50.620	6.1.1.5
3.40.50.620-FF-000079	206	133	82.873	0.63	0.49	3.40.50.620	2.7.7.18
3.40.50.620-FF-000092	493	377	90.702	0.32	0.22	3.40.50.620	6.1.1.5
3.40.50.620-FF-000043	281	1407	94.349	0.61	0.47	3.40.50.620	1.8.4.8
3.40.50.620-FF-000107	301	417	87.957	0.55	0.41	3.40.50.620	6.1.1.1
3.30.300.10-FF-000004	1486	12870	63.595	0.06	0.05	3.30.300.10	2.5.1.6
3.40.50.620-FF-000124	450	180	93.091	0.37	0.16	3.40.50.620	6.1.1.4
3.40.50.620-FF-000138	288	109	86.951	0.63	0.44	3.40.50.620	6.1.1.2
3.40.50.620-FF-000110	876	860	71.512	0.1	0.05	3.40.50.620	4.1.99.3
3.40.50.620-FF-000035	815	2557	74.778	0.15	0.09	3.40.50.620	6.1.1.10
3.40.50.620-FF-000208	228	65	66.924	0.69	0.66	3.40.50.620	6.3.5.2
3.40.50.620-FF-000207	362	1232	92.248	0.39	0.2	3.40.50.620	6.1.1.2
3.40.50.620-FF-000227	310	377	93.584	0.57	0.37	3.40.50.620	6.1.1.1
3.40.50.620-FF-000454	481	762	85.002	0.42	0.37	3.40.50.620	6.1.1.2
3.40.50.620-FF-000038	257	4190	93.643	0.47	0.36	3.40.50.620	6.3.4.5
3.40.50.720-FF-000029	345	1762	64.171	0.37	0.36	3.40.50.720	1.1.1.27
3.40.50.720-FF-000043	211	420	54.572	0.87	0.88	3.40.50.720	1.1.1.86
3.40.50.720-FF-000046	161	1745	83.741	0.42	0.31	3.40.50.720	6.3.2.8
3.40.50.720-FF-000056	220	295	60.961	0.89	0.9	3.40.50.720	5.1.3.20
3.40.50.720-FF-000064	237	832	84.904	0.58	0.5	3.40.50.720	1.5.1.2
3.40.50.720-FF-000082	133	383	71.135	0.81	0.78	3.40.50.720	1.1.1.290
3.40.50.720-FF-000093	277	1118	65.828	0.45	0.39	3.40.50.720	1.1.1.290
3.40.50.620-FF-000022	356	5211	83.901	0.31	0.27	3.40.50.620	6.3.4.5
3.40.50.720-FF-000106	342	439	84.993	0.52	0.47	3.40.50.720	6.2.1.64
3.40.50.720-FF-000111	282	526	90.497	0.38	0.24	3.40.50.720	1.1.1.49
3.40.50.720-FF-000114	507	1225	89.695	0.3	0.18	3.40.50.720	1.1.1.22
3.40.50.720-FF-000146	256	245	69.063	0.75	0.77	3.40.50.720	1.1.1.86
3.40.50.720-FF-000148	237	60	71.854	0.74	0.61	3.40.50.720	1.18.1.6
3.40.50.720-FF-000162	202	646	93.387	0.66	0.56	3.40.50.720	1.1.1.169
3.40.50.720-FF-000163	225	74	82.395	0.63	0.58	3.40.50.720	3.2.1.86
3.40.50.720-FF-000179	148	95	76.116	0.7	0.65	3.40.50.720	1.3.1.24
3.40.50.720-FF-000180	183	649	95.084	0.56	0.4	3.40.50.720	1.17.1.8
3.40.50.720-FF-000105	348	3002	88.757	0.29	0.17	3.40.50.720	1.5.1.2
3.40.50.720-FF-000194	346	358	81.289	0.61	0.64	3.40.50.720	1.1.1.100
3.40.50.720-FF-000200	292	583	84.48	0.42	0.33	3.40.50.720	1.2.1.11
3.40.50.720-FF-000247	198	342	72.147	0.57	0.48	3.40.50.720	1.3.1.34
3.40.50.720-FF-000248	276	195	86.588	0.77	0.73	3.40.50.720	1.1.1.47
3.40.50.720-FF-000259	323	199	94.708	0.47	0.28	3.40.50.720	1.1.1.153
3.40.50.720-FF-000268	454	393	80.638	0.19	0.09	3.40.50.720	1.1.1.37
3.40.50.720-FF-000294	317	365	89.099	0.5	0.41	3.40.50.720	1.1.1.8
3.40.50.720-FF-000297	235	645	78.552	0.62	0.52	3.40.50.720	1.1.1.22
3.40.50.620-FF-000144	523	4613	83.269	0.29	0.21	3.40.50.620	6.1.1.2
3.40.50.720-FF-000354	316	127	80.164	0.46	0.3	3.40.50.720	5.4.99.9
3.40.50.720-FF-000400	226	465	79.591	0.72	0.67	3.40.50.720	1.1.1.22
3.40.50.720-FF-000411	180	82	85.921	0.65	0.45	3.40.50.720	1.2.1.11
3.40.50.720-FF-000423	191	60	75.777	0.74	0.67	3.40.50.720	1.5.1.7
3.40.50.720-FF-000465	181	103	72.325	0.81	0.8	3.40.50.720	1.6.5.2
3.40.50.720-FF-000477	326	483	91.448	0.66	0.59	3.40.50.720	1.3.1.124
3.40.50.720-FF-000533	186	70	59.513	0.78	0.71	3.40.50.720	1.1.1.44
3.40.50.720-FF-001053	358	199	68.215	0.59	0.59	3.40.50.720	4.2.1.47
3.40.50.800-FF-000006	154	1764	90.509	0.49	0.42	3.40.50.800	6.1.1.15
3.40.50.720-FF-000013	796	3923	74.262	0.14	0.12	3.40.50.720	1.1.1.37
3.40.50.800-FF-000008	156	1903	91.708	0.43	0.32	3.40.50.800	6.1.1.21
3.40.50.800-FF-000032	136	195	97.053	0.49	0.3	3.40.50.800	6.1.1.15
3.40.50.800-FF-000011	200	1841	86.017	0.34	0.25	3.40.50.800	6.1.1.15
3.40.50.80-FF-000005	333	1886	77.833	0.34	0.27	3.40.50.80	1.6.2.2
3.40.50.80-FF-000008	426	1540	66.512	0.26	0.19	3.40.50.80	1.18.1.2
3.40.50.880-FF-000007	297	389	92.198	0.5	0.29	3.40.50.880	3.4.13.21
3.40.50.2020-FF-000020	553	6498	83.918	0.19	0.14	3.40.50.2020	2.4.2.9
3.40.50.880-FF-000017	193	49	38.358	0.83	0.83	3.40.50.880	3.5.1.124
3.40.50.880-FF-000024	765	1350	81.879	0.22	0.13	3.40.50.880	3.4.19.9
3.40.50.880-FF-000039	409	688	85.141	0.38	0.28	3.40.50.880	3.5.1.2
3.40.50.880-FF-000043	170	124	90.186	0.64	0.44	3.40.50.880	1.11.1.6
3.40.50.880-FF-000050	204	67	83.986	0.74	0.67	3.40.50.880	1.11.1.6
3.40.50.9100-FF-000001	157	331	74.184	0.73	0.54	3.40.50.9100	4.2.1.10
3.40.50.960-FF-000007	210	274	89.881	0.53	0.4	3.40.50.960	2.5.1.78
3.40.50.720-FF-000031	378	7013	86.014	0.22	0.12	3.40.50.720	1.2.1.70
3.40.1170.60-FF-000001	930	12453	69.655	0.05	0.02	3.40.1170.60	2.7.7.7
3.40.50.970-FF-000015	401	73	70.205	0.68	0.63	3.40.50.970	1.2.4.4
3.40.50.970-FF-000026	224	203	41.459	0.95	0.96	3.40.50.970	4.1.1.47
3.40.50.970-FF-000040	194	354	73.961	0.8	0.73	3.40.50.970	4.1.1.8
3.40.50.970-FF-000042	231	257	88.096	0.62	0.49	3.40.50.970	4.1.1.8
3.40.532.10-FF-000001	246	134	53.915	0.79	0.79	3.40.532.10	3.4.19.12
3.40.532.10-FF-000004	248	96	62.017	0.8	0.81	3.40.532.10	3.4.19.12
3.40.532.10-FF-000005	261	376	90.08	0.7	0.66	3.40.532.10	3.4.19.12
3.40.605.10-FF-000009	330	438	69.559	0.73	0.69	3.40.605.10	1.5.1.6
3.40.605.10-FF-000096	313	92	59.654	0.76	0.75	3.40.605.10	1.2.1.24
3.40.630.10-FF-000017	335	87	48.702	0.67	0.69	3.40.630.10	3.5.1.96
3.40.630.10-FF-000029	412	257	96.391	0.45	0.28	3.40.630.10	2.3.2.5
3.40.50.970-FF-000011	836	1780	76.583	0.22	0.15	3.40.50.970	1.2.4.1
3.40.630.30-FF-000001	531	1672	86.883	0.26	0.19	3.40.630.30	2.3.1.48
3.40.50.720-FF-000190	720	5118	83.646	0.12	0.05	3.40.50.720	1.5.1.2
3.40.630.30-FF-000007	200	433	88.749	0.68	0.58	3.40.630.30	2.3.1.57
3.40.630.30-FF-000020	225	199	88.824	0.55	0.43	3.40.630.30	2.3.1.108
3.40.630.30-FF-000026	187	114	96.002	0.6	0.41	3.40.630.30	2.3.1.183
3.40.50.970-FF-000008	652	3417	84.504	0.28	0.21	3.40.50.970	2.2.1.7
3.40.630.30-FF-000031	181	414	88.59	0.77	0.73	3.40.630.30	2.3.1.4
3.40.630.30-FF-000042	249	489	91.792	0.46	0.33	3.40.630.30	2.3.1.97
3.40.630.30-FF-000056	271	231	89.474	0.63	0.48	3.40.630.30	2.3.1.97
3.40.630.30-FF-000060	221	372	89.863	0.61	0.42	3.40.630.30	2.3.1.108
3.40.630.30-FF-000070	151	83	34.752	0.93	0.9	3.40.630.30	2.7.2.8
3.40.630.30-FF-000105	179	107	90.288	0.44	0.22	3.40.630.30	2.3.1.4
3.40.630.30-FF-000136	175	50	86.394	0.55	0.37	3.40.630.30	2.3.1.4
3.40.630.30-FF-000054	238	884	89.31	0.7	0.61	3.40.630.30	2.3.1.193
3.40.640.10-FF-000039	268	278	62.08	0.91	0.86	3.40.640.10	4.1.99.1
3.40.640.10-FF-000051	279	65	83.834	0.71	0.58	3.40.640.10	4.4.1.14
3.40.640.10-FF-000022	458	879	81.654	0.53	0.53	3.40.640.10	4.1.1.15
3.40.640.10-FF-000112	265	48	62.277	0.78	0.58	3.40.640.10	2.8.1.7
3.40.640.10-FF-000236	362	603	87.423	0.61	0.57	3.40.640.10	2.6.1.2
3.40.710.10-FF-000002	333	254	47.992	0.87	0.87	3.40.710.10	3.5.1.2
3.40.640.10-FF-000107	400	1112	90.531	0.44	0.32	3.40.640.10	3.7.1.3
3.40.710.10-FF-000019	293	546	93.483	0.63	0.45	3.40.710.10	3.5.2.6
3.40.630.30-FF-000002	578	1696	81.107	0.22	0.16	3.40.630.30	2.3.1.48
3.40.710.10-FF-000033	291	285	80.634	0.72	0.6	3.40.710.10	3.5.2.6
3.40.800.10-FF-000005	436	1424	93.154	0.45	0.29	3.40.800.10	3.5.3.1
3.40.800.10-FF-000008	308	90	58.14	0.9	0.92	3.40.800.10	3.5.3.1
3.40.800.10-FF-000009	349	59	77.118	0.68	0.58	3.40.800.10	3.5.3.1
3.40.800.10-FF-000011	335	271	76.865	0.84	0.83	3.40.800.10	3.5.3.1
3.40.800.20-FF-000006	403	123	68.841	0.7	0.46	3.40.800.20	3.5.1.98
3.40.80.10-FF-000002	243	565	88.588	0.53	0.41	3.40.80.10	3.5.1.28
3.40.830.10-FF-000003	271	260	79.593	0.82	0.8	3.40.830.10	1.13.11.29
3.50.20.20-FF-000001	147	457	93.186	0.57	0.43	3.50.20.20	3.9.1.3
3.50.30.10-FF-000004	113	1118	95.848	0.7	0.54	3.50.30.10	2.7.1.40
3.40.720.10-FF-000005	332	1889	91.075	0.61	0.49	3.40.720.10	5.4.2.7
3.50.40.10-FF-000003	486	1693	85.956	0.24	0.13	3.50.40.10	6.1.1.20
3.50.50.60-FF-000028	281	223	86.758	0.61	0.51	3.50.50.60	1.8.1.9
3.50.50.60-FF-000030	337	158	89.639	0.43	0.29	3.50.50.60	1.8.1.7
3.50.50.60-FF-000052	451	713	77.376	0.47	0.43	3.50.50.60	1.5.5.1
3.50.50.60-FF-000055	273	270	84.086	0.69	0.66	3.50.50.60	1.8.1.9
3.50.50.60-FF-000070	353	361	82.039	0.62	0.62	3.50.50.60	2.4.2.60
3.50.50.60-FF-000113	164	31	85.786	0.66	0.47	3.50.50.60	1.3.1.34
3.50.50.60-FF-000155	138	38	79.232	0.8	0.72	3.50.50.60	1.6.5.4
3.50.50.60-FF-000200	239	146	77.657	0.82	0.81	3.50.50.60	1.8.1.9
3.50.50.60-FF-000212	125	51	39.898	0.92	0.9	3.50.50.60	1.8.1.4
3.50.50.60-FF-000306	126	257	89.94	0.71	0.5	3.50.50.60	1.8.1.7
3.55.40.20-FF-000003	301	1164	79.395	0.34	0.26	3.55.40.20	1.15.1.1
3.40.630.20-FF-000001	546	3701	83.386	0.24	0.16	3.40.630.20	3.4.19.3
3.55.40.20-FF-000008	205	253	85.717	0.68	0.59	3.55.40.20	1.15.1.1
3.60.10.10-FF-000004	356	138	84.782	0.65	0.53	3.60.10.10	3.1.3.36
3.60.10.10-FF-000005	332	227	94.384	0.59	0.37	3.60.10.10	3.1.3.86
3.60.10.10-FF-000006	283	372	71.701	0.84	0.81	3.60.10.10	3.1.11.2
3.60.10.10-FF-000063	306	56	40.075	0.93	0.94	3.60.10.10	3.1.4.12
3.60.130.10-FF-000002	335	478	96.635	0.57	0.34	3.60.130.10	1.14.11.17
3.60.130.10-FF-000004	333	109	32.645	0.89	0.89	3.60.130.10	1.14.11.64
3.60.150.10-FF-000002	475	353	89.243	0.42	0.3	3.60.150.10	4.2.3.5
3.40.50.880-FF-000011	511	5440	88.685	0.34	0.29	3.40.50.880	6.3.5.5
3.60.20.10-FF-000011	355	427	58.052	0.67	0.66	3.60.20.10	2.4.2.14
3.60.20.10-FF-000023	256	439	79.081	0.72	0.6	3.60.20.10	3.4.25.1
3.60.20.10-FF-000030	211	75	61.03	0.85	0.82	3.60.20.10	3.4.25.1
3.60.20.10-FF-000034	232	41	68.596	0.73	0.64	3.60.20.10	3.4.25.1
3.60.20.10-FF-000037	208	684	81.895	0.78	0.7	3.60.20.10	6.3.5.4
3.60.20.10-FF-000013	262	707	83.273	0.69	0.63	3.60.20.10	3.4.25.1
3.60.20.10-FF-000046	295	623	76.558	0.66	0.66	3.60.20.10	3.4.25.1
3.60.20.10-FF-000080	254	169	79.531	0.77	0.7	3.60.20.10	3.5.1.118
3.60.20.10-FF-000049	302	1076	93.617	0.42	0.24	3.60.20.10	3.4.25.1
3.60.21.10-FF-000003	547	1447	73.404	0.45	0.42	3.60.21.10	3.1.3.16
3.60.21.10-FF-000006	342	164	80.197	0.71	0.65	3.60.21.10	3.1.3.16
3.60.21.10-FF-000007	373	353	53.79	0.71	0.71	3.60.21.10	3.1.3.16
3.60.21.10-FF-000013	305	621	88.572	0.76	0.73	3.60.21.10	3.6.1.41
3.60.21.10-FF-000017	400	197	82.585	0.58	0.5	3.60.21.10	3.1.3.16
3.60.21.10-FF-000021	349	40	60.672	0.75	0.7	3.60.21.10	3.1.3.16
3.60.21.10-FF-000033	317	119	74.16	0.81	0.79	3.60.21.10	3.1.3.2
3.60.21.10-FF-000036	373	53	86.167	0.51	0.35	3.60.21.10	3.1.3.16
3.60.40.10-FF-000001	326	308	79.842	0.8	0.76	3.60.40.10	3.1.3.16
3.60.40.10-FF-000002	343	331	93.739	0.46	0.26	3.60.40.10	3.1.3.16
3.60.21.10-FF-000004	544	1110	78.164	0.47	0.46	3.60.21.10	3.1.3.16
3.40.50.620-FF-000094	686	7218	84.005	0.21	0.13	3.40.50.620	6.1.1.2
3.65.10.20-FF-000002	291	135	87.778	0.52	0.38	3.65.10.20	6.5.1.4
3.75.10.10-FF-000004	747	1031	75.706	0.19	0.08	3.75.10.10	3.5.3.18
3.80.10.10-FF-000138	213	266	78.365	0.46	0.38	3.80.10.10	2.5.1.60
3.80.20.20-FF-000001	182	75	86.321	0.59	0.52	3.80.20.20	2.7.10.1
3.80.20.20-FF-000003	233	171	72.665	0.65	0.67	3.80.20.20	2.7.10.1
3.80.20.20-FF-000004	208	122	87.562	0.57	0.39	3.80.20.20	2.7.10.1
3.80.20.20-FF-000005	219	161	78.176	0.69	0.64	3.80.20.20	2.7.10.1
3.80.20.20-FF-000006	212	95	82.718	0.66	0.58	3.80.20.20	2.7.10.1
3.80.20.20-FF-000007	203	156	62.061	0.77	0.78	3.80.20.20	2.7.10.1
3.80.20.20-FF-000008	206	102	65.146	0.8	0.75	3.80.20.20	2.7.10.1
3.80.20.20-FF-000009	194	39	88.396	0.67	0.53	3.80.20.20	2.7.10.1
3.80.30.30-FF-000001	274	65	73.799	0.78	0.62	3.80.30.30	4.1.99.14
3.40.50.720-FF-000307	807	6135	82.704	0.12	0.04	3.40.50.720	1.1.1.169
3.90.1070.20-FF-000003	347	1196	75.907	0.23	0.12	3.90.1070.20	2.7.7.6
3.90.1100.10-FF-000002	341	76	63.326	0.51	0.48	3.90.1100.10	2.7.7.6
3.90.110.10-FF-000003	298	2062	80.139	0.47	0.43	3.90.110.10	1.1.1.27
3.90.110.10-FF-000005	203	376	80.877	0.63	0.51	3.90.110.10	1.1.1.27
3.90.110.10-FF-000009	566	596	82.64	0.2	0.12	3.90.110.10	1.1.1.37
3.90.1110.10-FF-000003	192	129	55.374	0.77	0.69	3.90.1110.10	2.7.7.6
3.90.1110.10-FF-000004	201	105	76.564	0.67	0.61	3.90.1110.10	2.7.7.6
3.90.1110.10-FF-000007	240	1042	97.043	0.54	0.36	3.90.1110.10	2.7.7.6
3.90.1140.10-FF-000009	199	76	95.749	0.59	0.3	3.90.1140.10	3.1.4.58
3.90.1150.10-FF-000005	290	716	90.021	0.39	0.3	3.90.1150.10	2.1.2.1
3.90.1150.10-FF-000036	141	148	68.447	0.73	0.69	3.90.1150.10	2.3.1.47
3.90.1150.10-FF-000038	212	84	89.499	0.52	0.4	3.90.1150.10	4.4.1.14
3.90.1150.10-FF-000053	167	303	91.561	0.58	0.44	3.90.1150.10	2.8.1.7
3.90.1150.10-FF-000072	183	492	79.641	0.61	0.58	3.90.1150.10	2.1.2.1
3.90.1150.10-FF-000078	226	1498	91.278	0.43	0.29	3.90.1150.10	3.7.1.3
3.90.1150.10-FF-000084	134	153	69.352	0.78	0.75	3.90.1150.10	2.6.1.52
3.90.1150.10-FF-000121	112	435	93.571	0.85	0.86	3.90.1150.10	2.6.1.52
3.90.1150.160-FF-000002	158	334	95.496	0.51	0.39	3.90.1150.160	4.1.1.15
3.90.1150.180-FF-000001	171	435	97.32	0.45	0.28	3.90.1150.180	2.9.1.1
3.90.1150.220-FF-000001	99	218	98.231	0.49	0.29	3.90.1150.220	2.3.2.27
3.90.1170.20-FF-000002	265	865	71.451	0.4	0.32	3.90.1170.20	2.4.2.19
3.90.1170.20-FF-000003	325	721	86.962	0.28	0.23	3.90.1170.20	2.4.2.19
3.90.1170.20-FF-000004	185	190	74.205	0.64	0.63	3.90.1170.20	2.4.2.19
3.90.1170.30-FF-000003	107	120	95.182	0.59	0.41	3.90.1170.30	2.4.2.4
3.65.10.10-FF-000010	548	3565	88.511	0.26	0.2	3.65.10.10	2.5.1.19
3.65.10.10-FF-000011	796	3537	80.185	0.18	0.13	3.65.10.10	2.5.1.19
3.90.1170.40-FF-000003	192	365	91.452	0.47	0.27	3.90.1170.40	2.8.1.12
3.90.1170.40-FF-000004	165	114	92.058	0.56	0.33	3.90.1170.40	2.8.1.12
3.90.1200.10-FF-000010	260	275	78.558	0.78	0.71	3.90.1200.10	2.7.1.175
3.90.1170.40-FF-000002	226	714	92.621	0.41	0.27	3.90.1170.40	2.8.1.12
3.90.120.10-FF-000003	233	243	90.251	0.6	0.47	3.90.120.10	2.1.1.37
3.90.1260.10-FF-000003	405	99	70.292	0.36	0.29	3.90.1260.10	6.3.4.5
3.90.1260.10-FF-000005	222	138	89.939	0.69	0.66	3.90.1260.10	6.3.4.5
3.90.1300.10-FF-000001	566	122	41.834	0.57	0.47	3.90.1300.10	3.5.1.99
3.90.1410.10-FF-000001	325	374	85.164	0.7	0.64	3.90.1410.10	2.1.1.85
3.90.1420.10-FF-000001	211	599	92.077	0.66	0.57	3.90.1420.10	2.1.1.85
3.90.1530.10-FF-000001	117	403	94.521	0.61	0.5	3.90.1530.10	1.8.98.2
3.90.1170.40-FF-000001	192	2463	95.876	0.54	0.41	3.90.1170.40	2.8.1.12
3.90.1600.10-FF-000027	268	47	88.026	0.37	0.18	3.90.1600.10	2.7.7.7
3.90.1560.10-FF-000001	752	1622	83.296	0.17	0.07	3.90.1560.10	3.1.3.71
3.90.1260.10-FF-000007	667	2616	76.858	0.17	0.09	3.90.1260.10	6.3.4.5
3.90.1720.10-FF-000001	147	38	31.757	0.83	0.82	3.90.1720.10	3.4.17.13
3.90.1740.10-FF-000001	229	183	88.128	0.77	0.66	3.90.1740.10	3.1.4.37
3.90.1750.10-FF-000079	262	33	78.914	0.54	0.38	3.90.1750.10	2.3.2.26
3.90.180.10-FF-000003	242	1746	90.466	0.72	0.68	3.90.180.10	1.1.1.103
3.90.180.10-FF-000025	211	34	28.868	0.87	0.83	3.90.180.10	1.1.1.2
3.90.190.10-FF-000001	309	65	67.048	0.78	0.76	3.90.190.10	3.1.3.48
3.90.190.10-FF-000002	315	138	86.917	0.64	0.54	3.90.190.10	3.1.3.48
3.90.1070.20-FF-000001	304	6182	96.206	0.25	0.19	3.90.1070.20	2.7.7.6
3.90.190.10-FF-000013	324	137	96.189	0.5	0.28	3.90.190.10	3.1.3.48
3.90.190.10-FF-000016	325	98	67.843	0.8	0.78	3.90.190.10	3.1.3.48
3.90.190.10-FF-000018	368	378	70.838	0.66	0.64	3.90.190.10	3.1.3.48
3.90.190.10-FF-000007	353	999	85.043	0.68	0.64	3.90.190.10	3.1.3.48
3.90.190.10-FF-000021	317	662	78.765	0.75	0.78	3.90.190.10	3.1.3.48
3.90.190.10-FF-000022	312	332	73.85	0.8	0.79	3.90.190.10	3.1.3.48
3.90.1600.10-FF-000030	681	3016	78.433	0.22	0.17	3.90.1600.10	2.7.7.7
3.90.190.10-FF-000025	471	1313	82.941	0.5	0.43	3.90.190.10	3.1.3.48
3.90.190.10-FF-000033	304	404	82.971	0.77	0.71	3.90.190.10	3.1.3.48
3.90.190.10-FF-000039	313	442	72.681	0.85	0.86	3.90.190.10	3.1.3.48
3.90.190.10-FF-000042	318	52	80.133	0.58	0.5	3.90.190.10	3.1.3.48
3.90.190.20-FF-000001	178	680	79.947	0.76	0.7	3.90.190.20	6.3.2.8
3.90.190.10-FF-000030	326	901	93.873	0.73	0.64	3.90.190.10	3.1.3.48
3.90.226.10-FF-000014	214	180	85.653	0.67	0.53	3.90.226.10	3.4.21.92
3.90.226.10-FF-000026	372	38	92.159	0.46	0.28	3.90.226.10	3.1.2.4
3.90.230.10-FF-000001	301	749	90.796	0.71	0.7	3.90.230.10	3.4.11.18
3.90.190.10-FF-000020	466	1548	82.227	0.46	0.35	3.90.190.10	3.1.3.48
3.90.230.10-FF-000003	453	733	76.078	0.48	0.44	3.90.230.10	3.4.11.18
3.90.230.10-FF-000006	295	250	54.977	0.91	0.92	3.90.230.10	3.4.13.9
3.90.45.10-FF-000006	319	284	86.192	0.4	0.29	3.90.45.10	3.5.1.88
3.90.230.10-FF-000010	398	523	79.383	0.6	0.59	3.90.230.10	3.4.11.18
3.90.45.10-FF-000008	181	466	70.949	0.85	0.85	3.90.45.10	3.5.1.88
3.90.470.20-FF-000003	370	682	93.797	0.21	0.11	3.90.470.20	2.7.8.7
3.90.470.20-FF-000006	381	350	70.844	0.29	0.24	3.90.470.20	2.7.8.7
3.90.550.10-FF-000002	458	99	91.16	0.43	0.25	3.90.550.10	2.7.7.9
3.90.550.10-FF-000008	321	291	73.574	0.73	0.6	3.90.550.10	2.7.7.9
3.90.470.20-FF-000001	219	1616	87.975	0.38	0.26	3.90.470.20	2.7.8.7
3.90.550.10-FF-000010	335	731	86.504	0.54	0.46	3.90.550.10	2.4.1.135
3.90.550.10-FF-000030	332	418	77.995	0.78	0.78	3.90.550.10	2.7.7.27
3.90.550.10-FF-000014	343	929	88.187	0.64	0.54	3.90.550.10	2.7.7.27
3.90.550.10-FF-000074	272	264	84.767	0.68	0.61	3.90.550.10	2.7.7.43
3.90.550.10-FF-000080	270	337	87.372	0.67	0.58	3.90.550.10	2.7.7.40
3.90.550.50-FF-000003	296	40	73.562	0.7	0.59	3.90.550.50	2.4.1.222
3.90.550.10-FF-000055	341	890	94.274	0.52	0.45	3.90.550.10	2.4.1.101
3.90.650.10-FF-000003	257	302	70.189	0.66	0.68	3.90.650.10	2.7.9.3
3.90.70.10-FF-000060	464	639	86.985	0.41	0.35	3.90.70.10	3.4.18.1
3.90.70.10-FF-000062	314	394	85.33	0.73	0.63	3.90.70.10	3.4.14.1
3.90.70.40-FF-000005	204	36	82.047	0.52	0.43	3.90.70.40	3.4.19.12
3.90.70.80-FF-000002	182	355	82.455	0.78	0.77	3.90.70.80	3.4.19.12
3.90.70.80-FF-000005	215	423	86.149	0.56	0.47	3.90.70.80	3.4.19.12
3.90.70.80-FF-000006	189	502	81.362	0.74	0.71	3.90.70.80	3.4.19.12
3.90.70.80-FF-000010	218	340	85.816	0.61	0.57	3.90.70.80	3.4.19.12
3.90.650.10-FF-000009	514	1061	74.584	0.29	0.19	3.90.650.10	6.3.5.3
3.90.740.10-FF-000001	697	2258	86.268	0.23	0.14	3.90.740.10	6.1.1.4
3.90.740.10-FF-000024	297	122	82.381	0.59	0.45	3.90.740.10	6.1.1.4
3.90.78.10-FF-000001	97	207	70.249	0.76	0.68	3.90.78.10	1.3.1.98
3.90.79.10-FF-000009	285	1477	91.961	0.39	0.22	3.90.79.10	5.3.3.2
3.90.79.10-FF-000037	168	289	92.316	0.71	0.65	3.90.79.10	3.6.1.17
3.90.79.10-FF-000043	160	141	74.697	0.86	0.86	3.90.79.10	3.6.1.56
3.90.80.10-FF-000002	322	984	86.717	0.46	0.43	3.90.80.10	3.6.1.1
3.90.740.10-FF-000017	725	3770	84.044	0.19	0.14	3.90.740.10	6.1.1.4
3.90.80.10-FF-000004	626	1295	81.828	0.31	0.23	3.90.80.10	3.6.1.1
3.90.80.10-FF-000005	606	1001	78.538	0.34	0.29	3.90.80.10	3.6.1.1
3.90.80.10-FF-000006	188	244	81.087	0.77	0.7	3.90.80.10	3.6.1.1
3.90.850.10-FF-000006	270	67	20.085	0.96	0.95	3.90.850.10	4.2.1.80
3.90.870.10-FF-000012	243	57	81.615	0.69	0.48	3.90.870.10	4.1.99.12
3.90.950.10-FF-000004	239	847	90.662	0.6	0.48	3.90.950.10	3.6.1.9
3.40.710.10-FF-000005	774	7182	76.767	0.23	0.11	3.40.710.10	3.5.1.2
3.90.226.10-FF-000002	498	9810	79.55	0.24	0.17	3.90.226.10	3.4.21.92
3.55.40.20-FF-000004	1428	8038	77.122	0.05	0.02	3.55.40.20	1.15.1.1
3.90.80.10-FF-000003	523	9949	87.944	0.19	0.11	3.90.80.10	3.6.1.1
3.30.930.10-FF-000004	1309	22658	83.384	0.13	0.09	3.30.930.10	6.1.1.7
3.50.40.10-FF-000001	1155	21525	81.033	0.11	0.07	3.50.40.10	6.1.1.20
3.40.440.10-FF-000001	1297	23751	74.102	0.08	0.06	3.40.440.10	6.3.4.4
3.40.50.880-FF-000002	1438	25517	84.49	0.11	0.08	3.40.50.880	6.3.4.2
3.90.170.10-FF-000001	1710	27961	70.091	0.06	0.04	3.90.170.10	6.3.4.4
